seq,chapter,sentence,slen,note,noun,verb,adj,adv,con,pron,punct,dt,other
1,1,1,57,,14,13,1,2,16,6,6,5,2
2,1,2,56,,14,7,6,4,13,5,5,6,2
3,1,3,29,,9,4,1,3,6,2,3,3,2
4,1,4,2,,0,0,1,0,0,0,1,0,1
5,1,5,4,,1,2,1,0,0,1,0,0,0
6,1,6,109,,23,17,3,8,29,15,15,12,3
7,1,7,21,,4,3,0,4,6,2,2,2,0
8,1,8,40,,6,7,1,8,10,3,4,5,0
9,1,9,34,,2,10,2,4,9,5,3,2,0
10,1,10,53,,9,13,1,4,14,7,7,2,3
11,1,11,54,,9,11,3,2,13,9,5,4,4
12,1,12,1,,2,0,0,0,0,0,0,0,1
13,1,13,18,,4,3,1,0,5,2,3,2,2
14,1,14,9,,3,1,0,1,1,2,1,1,1
15,1,15,18,,3,3,1,2,3,3,3,2,2
16,1,16,5,,3,1,2,1,0,0,0,0,0
17,1,17,3,,1,0,0,2,0,0,3,0,0
18,1,18,8,,4,0,0,0,1,0,1,2,1
19,1,19,11,,2,3,1,1,1,2,1,1,2
20,1,20,3,,0,1,1,0,0,1,1,0,0
21,1,21,11,,1,2,1,1,2,1,1,2,2
22,1,22,80,,21,13,4,3,20,11,12,6,6
23,1,23,19,,7,5,1,0,3,2,3,2,0
24,1,24,4,,0,1,0,2,0,1,1,0,0
25,1,25,10,,0,2,1,1,2,2,1,1,2
26,1,26,17,,4,3,1,1,4,2,1,1,2
27,1,27,41,,8,10,0,1,5,7,9,7,4
28,1,28,9,,7,1,0,0,1,0,2,1,1
29,1,29,17,,5,4,0,0,5,3,2,1,1
30,1,30,7,,1,2,0,0,0,3,1,0,1
31,1,31,12,,2,2,2,0,2,3,1,1,2
32,1,32,15,,1,4,0,3,1,3,3,1,3
33,1,33,3,,1,0,0,2,0,0,3,0,0
34,1,34,12,,2,4,0,4,1,0,2,0,1
35,1,35,11,,4,1,0,2,1,2,3,0,3
36,1,36,4,,3,1,0,0,0,0,1,1,0
37,1,37,12,,6,1,0,0,2,3,2,0,2
38,1,38,3,,2,0,0,0,0,1,1,0,0
39,1,39,8,,0,2,0,1,1,3,1,0,1
40,1,40,25,,6,4,0,1,5,3,5,4,4
41,1,41,7,,2,3,0,0,1,1,2,0,0
42,1,42,24,,7,6,0,2,7,1,4,1,1
43,1,43,4,,3,1,0,0,0,0,1,0,0
44,1,44,6,,3,1,0,1,1,0,2,0,1
45,1,45,20,,5,4,1,1,2,5,4,1,3
46,1,46,40,,8,11,1,3,8,6,7,2,2
47,1,47,3,,0,1,0,2,0,0,2,0,0
48,1,48,1,,1,0,0,0,0,0,0,0,1
49,1,49,16,,4,2,1,0,6,1,2,2,0
50,1,50,43,,10,7,2,2,9,6,7,4,3
51,1,51,38,,9,10,1,4,7,4,5,3,3
52,1,52,40,,8,9,3,1,6,5,5,6,2
53,1,53,45,,8,10,1,5,8,3,6,7,3
54,1,54,44,,9,7,3,3,10,3,7,5,5
55,1,55,23,,2,3,3,3,4,2,3,5,1
56,1,56,44,,9,6,5,3,9,6,6,5,1
57,1,57,35,,7,6,4,2,7,3,4,5,1
58,1,58,55,,12,7,4,5,15,6,5,4,5
59,1,59,11,,1,2,0,1,2,2,2,1,2
60,1,60,11,,0,3,0,2,2,3,2,0,1
61,1,61,27,,4,7,3,5,6,1,7,1,0
62,1,62,82,,22,12,2,8,18,6,7,12,7
63,1,63,23,,5,5,0,4,4,1,2,3,2
64,1,64,111,,19,21,8,13,23,18,17,6,9
65,1,65,46,,14,8,3,6,6,6,16,2,2
66,1,66,4,,1,0,1,0,0,1,0,1,2
67,1,67,10,,2,3,0,0,1,1,2,1,3
68,1,68,37,,7,6,3,5,7,4,3,4,1
69,1,69,43,,4,9,4,3,9,7,9,5,4
70,1,70,8,,0,2,0,1,1,3,1,0,1
71,1,71,30,,5,7,1,2,6,3,2,4,2
72,1,72,22,,5,3,3,1,7,1,5,2,0
73,1,73,79,,9,15,5,9,14,15,9,7,5
74,1,74,9,,5,0,0,0,2,0,1,2,3
75,1,75,14,,2,3,0,2,2,3,3,1,2
76,1,76,64,,9,14,4,8,14,12,6,2,1
77,1,77,15,,5,3,0,1,3,1,3,1,4
78,1,78,13,,2,2,1,3,2,1,1,0,4
79,1,79,37,,9,7,2,3,6,4,4,4,4
80,1,80,48,,11,7,4,4,7,10,7,3,9
81,1,81,12,,3,2,0,2,2,2,3,1,1
82,1,82,2,,1,0,0,0,0,0,1,0,1
83,1,83,75,,13,17,6,6,20,6,9,6,2
84,1,84,12,,1,3,0,2,3,1,2,1,1
85,2,1,3,,2,0,0,0,1,0,1,0,1
86,2,2,31,,5,7,3,6,4,3,3,2,4
87,2,3,3,,3,0,0,0,0,0,3,0,0
88,2,4,22,,4,5,0,4,5,4,2,0,2
89,2,5,19,,5,2,1,2,3,5,4,0,2
90,2,6,8,,5,2,1,0,0,1,1,0,1
91,2,7,43,,7,10,3,3,7,8,4,3,5
92,2,8,14,,6,2,1,0,1,3,1,2,1
93,2,9,12,,1,2,0,1,3,4,1,0,1
94,2,10,21,,5,5,1,1,3,3,4,1,6
95,2,11,7,,1,1,1,1,1,0,1,1,1
96,2,12,5,,5,0,0,0,0,0,2,0,1
97,2,13,8,,10,0,0,0,0,0,2,0,1
98,2,14,7,,3,1,1,0,0,2,1,0,2
99,2,15,38,,10,3,3,4,8,3,3,4,3
100,2,16,2,,2,0,0,0,0,0,1,0,0
101,2,17,39,,4,8,3,2,14,3,5,1,4
102,2,18,26,,5,6,1,1,6,4,4,3,5
103,2,19,6,,2,1,0,0,0,2,2,1,0
104,2,20,30,,7,5,2,0,7,2,4,5,2
105,2,21,24,,3,7,0,2,5,4,2,3,0
106,2,22,40,,9,6,5,1,9,4,6,5,2
107,2,23,4,,2,0,0,0,0,0,2,2,0
108,2,24,1,,0,0,0,0,0,0,0,0,2
109,2,25,11,,3,4,1,0,1,3,1,0,1
110,2,26,56,,10,10,6,5,11,5,11,7,3
111,2,27,27,,7,5,2,1,4,3,6,4,2
112,2,28,6,,3,1,0,1,1,0,2,0,0
113,2,29,8,,2,1,1,1,3,0,1,0,0
114,2,30,10,,1,4,1,0,2,2,1,1,0
115,2,31,13,,2,3,1,1,0,3,2,2,1
116,2,32,10,,0,3,1,2,0,2,1,1,1
117,2,33,17,,4,2,2,1,3,3,3,3,0
118,2,34,6,,3,0,1,0,0,0,1,1,3
119,2,35,30,,2,8,1,0,9,5,2,4,1
120,2,36,45,,16,5,4,2,9,8,7,2,7
121,2,37,6,,0,1,2,1,0,1,1,1,0
122,2,38,16,,5,2,0,1,3,4,6,1,2
123,2,39,13,,2,4,1,0,2,3,1,2,0
124,2,40,21,,5,5,2,0,2,1,5,0,6
125,2,41,9,,2,2,0,1,2,1,1,1,0
126,2,42,11,,7,2,0,1,0,0,3,1,2
127,2,43,23,,9,2,2,0,4,1,6,4,3
128,2,44,7,,1,3,0,0,1,1,1,0,1
129,2,45,68,,18,12,6,3,14,10,7,7,1
130,2,46,20,,5,5,1,4,3,2,3,0,1
131,2,47,53,,12,10,2,3,14,5,7,5,5
132,2,48,6,,1,1,1,2,1,0,1,0,0
133,2,49,18,,5,3,0,1,3,5,4,1,3
134,2,50,16,,5,3,1,2,2,3,2,0,2
135,2,51,11,,1,3,0,2,1,3,2,0,1
136,2,52,31,,9,3,2,6,7,5,7,0,3
137,2,53,17,,4,3,2,0,3,3,3,1,2
138,2,54,10,,2,3,0,2,1,1,1,1,0
139,2,55,33,,5,9,1,1,8,5,2,2,3
140,2,56,6,,2,2,0,1,1,1,0,0,1
141,2,57,2,,0,1,0,0,0,1,1,0,0
142,2,58,6,,0,2,1,1,0,1,1,0,2
143,2,59,63,,5,16,1,9,16,9,8,4,3
144,2,60,5,,3,0,0,0,0,0,0,2,2
145,2,61,24,,5,3,3,3,6,1,4,3,1
146,2,62,13,,3,1,1,1,4,1,3,2,0
147,2,63,39,,7,7,4,6,9,1,6,5,2
148,2,64,10,,0,3,1,1,2,3,2,0,1
149,2,65,13,,3,3,0,0,3,2,3,2,0
150,2,66,9,,3,1,0,0,2,2,1,0,1
151,2,67,26,,4,5,1,2,6,5,3,2,2
152,2,68,57,,18,9,2,2,14,4,6,9,0
153,2,69,23,,3,5,1,3,3,4,2,1,3
154,2,70,8,,1,3,0,2,0,2,1,0,2
155,2,71,12,,2,4,0,0,4,2,3,0,0
156,2,72,16,,1,5,1,1,3,4,3,0,2
157,2,73,9,,3,2,1,0,1,0,2,2,0
158,2,74,6,,3,1,0,1,1,0,3,0,0
159,2,75,61,,8,13,2,8,12,10,5,4,4
160,2,76,14,,3,3,0,1,3,1,4,2,3
161,2,77,27,,6,4,1,3,6,2,6,3,4
162,2,78,14,,4,3,0,0,3,2,3,2,1
163,2,79,10,,4,2,0,2,2,1,1,0,0
164,2,80,44,,16,8,1,1,7,3,8,8,3
165,2,81,23,,3,4,1,2,7,4,3,1,1
166,2,82,21,,7,6,2,1,2,3,2,2,4
167,2,83,19,,5,4,2,3,3,1,2,2,1
168,2,84,8,,3,1,1,1,1,1,1,0,2
169,2,85,10,,3,1,2,0,1,1,2,1,1
170,2,86,18,,4,3,1,0,6,0,2,4,0
171,2,87,5,,2,1,0,0,0,2,2,0,1
172,2,88,13,,3,4,2,1,1,1,2,1,1
173,2,89,8,,2,3,0,1,1,2,0,0,2
174,2,90,3,,1,1,0,1,1,0,0,0,1
175,2,91,8,,3,1,1,0,1,0,3,2,0
176,2,92,8,,1,2,0,0,1,3,1,0,2
177,2,93,15,,6,2,1,2,2,1,4,1,3
178,2,94,26,,4,5,1,2,3,8,2,1,3
179,2,95,62,,15,11,4,3,12,10,9,6,4
180,2,96,21,,3,6,1,2,3,2,3,3,1
181,2,97,13,,3,2,0,3,2,3,0,1,3
182,2,98,2,,0,1,0,1,0,1,0,0,1
183,2,99,13,,3,3,0,1,2,2,2,2,0
184,2,100,9,,1,1,1,0,3,1,1,1,2
185,2,101,9,,5,1,1,1,0,1,4,0,0
186,2,102,8,,4,1,0,1,0,1,1,1,1
187,2,103,4,,1,1,0,1,0,1,1,0,2
188,2,104,12,,4,2,1,0,3,0,2,2,0
189,2,105,8,,2,2,0,0,2,2,4,0,1
190,2,106,26,,4,6,3,3,3,3,3,2,3
191,2,107,14,,3,2,4,2,1,1,5,1,0
192,2,108,52,,15,6,2,2,11,12,8,3,6
193,2,109,10,,3,2,0,0,1,2,1,2,1
194,2,110,14,,3,4,1,1,1,3,2,1,3
195,2,111,25,,3,5,1,2,7,3,2,3,1
196,2,112,8,,2,1,0,1,2,2,2,0,1
197,2,113,20,,6,4,0,2,6,3,2,0,2
198,2,114,57,,18,8,2,6,9,11,8,4,3
199,2,115,40,,9,8,4,1,8,2,5,6,2
200,2,116,12,,5,1,1,0,2,0,2,3,0
201,3,1,33,,10,5,2,1,7,3,7,5,0
202,3,2,44,,6,9,4,3,10,7,5,5,0
203,3,3,57,,5,13,6,7,11,6,10,5,5
204,3,4,25,,4,3,1,2,7,4,6,3,2
205,3,5,7,,1,2,1,2,0,2,1,0,0
206,3,6,16,,3,1,1,2,5,1,3,3,0
207,3,7,26,,2,7,3,4,3,5,2,1,1
208,3,8,1,,2,0,0,0,0,0,0,0,1
209,3,9,11,,2,2,2,0,1,1,2,3,1
210,3,10,7,,1,2,1,0,0,1,1,2,0
211,3,11,6,,2,1,0,0,1,1,2,1,0
212,3,12,31,,8,8,3,1,7,2,5,3,0
213,3,13,10,,8,0,0,0,3,0,1,1,1
214,3,14,6,,2,1,0,0,1,0,2,2,0
215,3,15,4,,1,1,0,0,0,2,1,0,1
216,3,16,10,,2,3,0,2,1,1,4,1,1
217,3,17,2,,0,1,0,1,0,1,0,0,1
218,3,18,4,,1,1,0,1,0,0,1,1,0
219,3,19,7,,1,3,0,0,0,2,2,1,2
220,3,20,2,,0,1,0,0,0,1,2,0,0
221,3,21,25,,13,2,2,1,6,2,5,2,1
222,3,22,3,,1,1,0,0,0,0,1,1,0
223,3,23,14,,5,3,0,2,1,3,3,1,3
224,3,24,23,,5,4,0,4,1,5,5,4,4
225,3,25,8,,3,2,0,0,0,1,1,2,1
226,3,26,27,,8,5,1,2,6,2,4,3,0
227,3,27,7,,3,1,2,0,1,0,1,0,1
228,3,28,14,,3,2,0,2,3,3,3,1,0
229,3,29,8,,2,2,0,0,2,2,2,0,0
230,3,30,19,,5,3,1,2,5,1,2,2,4
231,3,31,27,,10,3,3,1,5,2,5,4,3
232,3,32,3,,1,1,0,0,0,0,1,1,0
233,3,33,22,,5,6,2,0,2,4,3,3,5
234,3,34,18,,5,2,1,1,4,1,2,4,0
235,3,35,27,,5,7,3,0,4,3,5,4,3
236,3,36,5,,2,1,0,0,0,1,2,1,1
237,3,37,32,,6,10,0,2,9,2,4,2,1
238,3,38,14,,2,5,1,1,2,2,2,2,2
239,3,39,22,,5,4,0,1,3,5,4,3,2
240,3,40,33,,11,4,1,2,6,2,5,6,5
241,3,41,34,,1,9,1,7,5,4,7,2,6
242,3,42,25,,4,6,1,6,3,1,3,3,3
243,3,43,13,,1,5,0,0,3,3,3,1,2
244,3,44,46,,12,5,2,2,11,4,5,7,3
245,3,45,13,,3,4,1,0,2,0,3,2,2
246,3,46,7,,1,2,0,0,2,1,0,1,2
247,3,47,6,,2,1,0,1,1,0,1,1,0
248,3,48,29,,8,4,2,2,6,2,8,3,4
249,3,49,1,,1,1,0,0,0,0,0,0,0
250,3,50,39,,11,7,0,2,10,6,6,3,0
251,3,51,8,,2,1,0,1,0,0,2,2,2
252,3,52,12,,3,3,0,0,1,2,3,2,2
253,3,53,7,,2,1,0,2,1,0,2,1,1
254,3,54,8,,1,2,0,1,1,3,1,0,1
255,3,55,6,,1,2,0,0,2,1,2,0,0
256,3,56,6,,2,1,1,2,0,0,1,1,1
257,3,57,7,,2,1,0,1,1,1,2,1,1
258,3,58,35,,7,8,3,3,3,6,6,5,1
259,3,59,43,,3,12,4,5,10,5,7,2,2
260,3,60,38,,8,9,3,1,8,1,4,7,1
261,3,61,23,,3,4,2,2,6,3,4,2,1
262,3,62,33,,6,9,1,2,5,8,6,2,3
263,3,63,8,,2,1,2,0,1,0,0,2,2
264,3,64,8,,2,3,0,0,2,0,3,1,0
265,3,65,24,,5,6,1,2,4,3,5,2,4
266,3,66,64,,17,11,0,2,12,10,11,10,5
267,3,67,21,,9,2,2,0,2,1,6,4,1
268,3,68,23,,12,3,3,0,2,4,5,1,3
269,3,69,4,,0,2,0,1,0,1,1,0,1
270,3,70,6,,2,1,0,1,1,0,1,1,0
271,3,71,5,,1,2,0,0,1,2,0,0,1
272,3,72,17,,3,5,1,2,1,4,4,1,2
273,3,73,3,,0,1,0,1,0,1,1,0,1
274,3,74,7,,1,1,0,3,1,0,2,1,0
275,3,75,2,,1,0,0,0,0,0,1,1,1
276,3,76,13,,1,3,2,2,3,2,3,0,0
277,3,77,8,,1,4,0,0,1,2,2,0,1
278,3,78,15,,3,4,0,1,2,1,3,2,3
279,3,79,7,,1,2,1,0,1,2,0,0,2
280,3,80,5,,2,1,0,0,0,2,0,0,3
281,3,81,3,,1,1,1,0,0,0,1,0,0
282,3,82,8,,1,2,0,2,1,2,2,0,2
283,3,83,6,,2,1,0,1,1,0,1,1,0
284,3,84,7,,3,0,1,1,1,1,1,0,1
285,3,85,14,,4,4,0,0,3,1,4,2,1
286,3,86,13,,3,2,0,3,2,1,2,2,0
287,3,87,7,,3,1,0,0,0,2,0,1,3
288,3,88,27,,7,4,1,2,7,3,4,3,1
289,3,89,12,,4,2,0,1,2,1,1,2,0
290,3,90,4,,4,0,0,0,0,1,1,0,1
291,3,91,7,,1,1,1,2,0,0,2,2,0
292,3,92,10,,3,1,0,1,2,1,1,2,2
293,3,93,11,,1,4,0,1,0,5,2,0,1
294,3,94,7,,3,2,1,0,1,0,2,0,0
295,3,95,6,,1,0,1,2,0,2,1,0,2
296,3,96,12,,2,3,0,0,3,2,2,1,2
297,3,97,3,,1,1,0,0,0,0,1,1,0
298,3,98,17,,5,3,1,2,3,3,3,0,2
299,3,99,14,,6,1,1,0,2,2,1,1,3
300,3,100,11,,1,3,0,0,2,3,2,1,1
301,3,101,13,,3,0,1,3,3,2,2,1,1
302,3,102,9,,3,1,1,0,1,0,1,3,0
303,3,103,32,,9,6,1,4,2,3,6,3,6
304,3,104,16,,6,1,0,1,3,2,3,2,2
305,3,105,9,,2,2,1,0,1,2,0,1,2
306,3,106,13,,2,4,1,2,2,1,2,0,1
307,3,107,7,,3,3,0,0,0,2,0,0,2
308,3,108,8,,1,1,0,1,2,2,1,1,0
309,3,109,19,,6,1,1,2,4,3,3,2,3
310,3,110,4,,2,0,0,0,0,1,2,0,1
311,3,111,10,,0,2,1,2,1,3,0,1,1
312,3,112,16,,2,2,3,4,4,1,3,0,0
313,3,113,38,,6,7,0,7,8,4,6,5,1
314,4,1,31,,4,8,0,4,7,6,5,2,1
315,4,2,2,,1,0,0,0,0,0,1,1,0
316,4,3,4,,2,0,0,0,0,1,1,0,1
317,4,4,5,,2,0,0,0,1,1,1,0,1
318,4,5,11,,4,2,1,0,2,2,2,0,1
319,4,6,8,,0,3,0,1,0,3,2,0,1
320,4,7,62,,13,13,4,4,15,5,8,7,1
321,4,8,29,,8,5,0,3,5,4,6,2,3
322,4,9,14,,7,0,0,0,3,1,2,3,0
323,4,10,2,,1,0,0,1,0,0,2,0,0
324,4,11,27,,3,8,0,3,7,3,2,2,1
325,4,12,13,,1,3,0,0,3,6,2,0,1
326,4,13,12,,1,4,0,2,0,4,1,0,3
327,4,14,17,,4,2,1,0,4,5,3,0,2
328,4,15,25,,8,3,1,0,5,2,3,5,2
329,4,16,4,,1,1,0,0,1,1,1,0,1
330,4,17,34,,9,7,2,0,8,3,4,3,2
331,4,18,15,,4,4,0,1,3,2,3,1,2
332,4,19,10,,4,3,0,0,2,2,0,0,1
333,4,20,13,,4,3,0,0,2,1,3,1,2
334,4,21,9,,2,1,1,2,2,1,2,0,0
335,4,22,5,,3,1,0,0,1,0,2,1,0
336,4,23,13,,4,3,0,0,4,1,0,1,3
337,4,24,25,,8,6,1,1,6,3,1,2,3
338,4,25,71,,17,9,5,3,17,6,7,11,4
339,4,26,22,,8,3,0,0,4,4,1,3,2
340,4,27,27,,6,8,1,2,3,6,4,1,3
341,4,28,23,,7,5,2,2,2,4,1,1,3
342,4,29,37,,5,13,2,1,8,6,5,2,0
343,4,30,42,,8,8,1,7,5,8,6,4,6
344,4,31,1,,1,0,0,0,0,0,1,0,0
345,4,32,7,,0,2,1,1,2,1,1,0,0
346,4,33,48,,8,10,1,5,13,3,6,6,2
347,4,34,36,,7,6,2,4,8,3,7,3,4
348,4,35,5,,1,1,0,0,1,2,1,0,0
349,4,36,47,,9,8,5,6,8,5,7,4,2
350,4,37,26,,6,5,4,3,6,1,4,0,4
351,4,38,25,,6,3,2,4,4,4,7,2,2
352,4,39,9,,0,3,0,1,1,3,1,0,1
353,4,40,25,,5,5,0,4,6,3,4,1,1
354,4,41,12,,1,3,0,0,3,1,2,1,3
355,4,42,33,,8,3,2,4,6,4,4,3,8
356,4,43,14,,2,2,1,3,2,2,3,1,3
357,4,44,21,,5,4,1,3,4,0,5,3,2
358,4,45,6,,2,1,0,0,1,1,1,1,2
359,4,46,4,,3,1,0,0,0,1,1,0,1
360,4,47,3,,0,1,0,0,0,2,1,0,0
361,4,48,7,,1,1,0,2,1,1,1,0,2
362,4,49,16,,4,2,0,2,4,1,3,3,2
363,4,50,35,,4,6,3,4,10,3,5,4,1
364,4,51,2,,2,0,0,0,0,0,1,0,1
365,4,52,2,,3,0,0,0,0,0,0,0,0
366,4,53,3,,1,1,0,0,0,0,1,1,0
367,4,54,6,,3,0,0,0,0,2,1,1,1
368,4,55,10,,2,2,0,2,2,0,1,2,0
369,4,56,43,,6,12,1,5,8,6,4,5,0
370,4,57,33,,8,8,0,2,8,2,6,4,2
371,4,58,17,,7,3,0,0,4,2,1,1,2
372,4,59,33,,9,5,1,2,6,5,5,5,3
373,4,60,43,,9,9,1,3,10,5,6,5,1
374,4,61,9,,5,1,1,0,0,0,3,2,1
375,4,62,1,,1,0,0,0,0,0,1,0,0
376,4,63,3,,0,1,0,1,0,1,1,0,0
377,4,64,14,,3,2,0,4,2,2,2,1,2
378,4,65,5,,3,1,0,0,1,1,1,0,0
379,4,66,4,,2,0,0,1,1,0,2,0,1
380,4,67,4,,1,1,0,1,0,0,1,1,0
381,4,68,1,,0,0,0,1,0,0,1,0,1
382,4,69,7,,2,1,0,0,2,1,0,1,1
383,4,70,5,,3,1,1,0,1,0,1,0,0
384,4,71,10,,2,2,0,1,2,2,3,1,2
385,4,72,7,,4,1,0,0,0,2,2,1,2
386,4,73,4,,2,1,0,0,0,2,1,0,1
387,4,74,4,,1,1,0,0,0,1,2,1,1
388,4,75,6,,1,1,0,1,0,1,1,0,2
389,4,76,6,,1,1,1,1,0,1,1,1,1
390,4,77,13,,4,2,0,0,2,3,3,3,2
391,4,78,15,,3,4,0,2,2,2,4,2,2
392,4,79,30,,6,3,2,3,7,3,7,4,5
393,4,80,7,,1,2,0,0,1,3,2,0,1
394,4,81,16,,3,2,1,1,4,2,2,2,1
395,4,82,13,,4,2,2,1,2,0,2,1,1
396,4,83,9,,3,1,0,1,1,1,2,1,2
397,4,84,2,,1,1,0,0,0,0,1,0,0
398,4,85,7,,1,2,1,0,1,3,1,0,1
399,4,86,13,,2,1,1,1,3,3,1,1,2
400,4,87,13,,5,3,0,1,2,2,1,1,1
401,4,88,52,,15,6,6,3,8,3,9,8,7
402,4,89,25,,8,3,3,5,1,2,8,3,3
403,4,90,11,,4,2,2,3,0,1,4,0,1
404,4,91,18,,8,3,0,0,3,1,5,3,1
405,4,92,2,,1,0,0,0,1,0,0,0,1
406,4,93,23,,8,6,0,0,2,5,7,2,4
407,4,94,15,,4,3,0,2,1,3,6,1,3
408,4,95,10,,3,2,0,0,1,1,1,2,2
409,4,96,1,,1,0,0,0,0,0,1,0,1
410,4,97,11,,3,3,0,0,2,1,2,1,2
411,4,98,4,,1,1,0,0,1,1,1,0,0
412,4,99,8,,3,2,0,0,2,1,2,0,1
413,4,100,27,,7,6,2,1,4,3,4,3,3
414,4,101,59,,12,13,3,3,12,11,6,4,5
415,4,102,13,,4,3,2,0,1,1,0,2,2
416,4,103,12,,6,0,0,1,2,2,2,2,1
417,4,104,23,,9,2,1,4,3,3,7,1,1
418,4,105,4,,0,1,0,0,1,2,1,0,0
419,4,106,5,,1,0,0,0,1,2,1,1,0
420,4,107,56,,16,11,4,5,7,7,15,8,5
421,4,108,5,,1,1,1,1,0,1,1,0,2
422,4,109,3,,1,1,0,0,0,0,1,1,0
423,4,110,6,,2,1,0,0,1,1,0,1,2
424,4,111,17,,4,3,1,1,3,2,3,1,4
425,4,112,6,,2,2,1,0,1,2,0,0,0
426,4,113,18,,2,4,2,1,2,4,3,1,3
427,4,114,11,,3,2,0,0,1,2,1,2,3
428,4,115,23,,4,5,1,1,6,1,4,3,4
429,4,116,4,,2,0,1,0,1,0,0,1,1
430,4,117,33,,6,6,2,2,9,3,4,5,0
431,4,118,21,,5,4,0,2,3,4,3,3,5
432,4,119,5,,2,1,0,0,0,0,1,1,1
433,4,120,28,,7,5,2,0,7,2,2,5,0
434,4,121,35,,5,8,2,1,6,9,6,2,6
435,4,122,17,,1,6,0,1,5,2,2,1,1
436,4,123,30,,5,5,2,3,9,2,3,3,1
437,4,124,25,,7,5,2,0,4,2,6,3,2
438,4,125,29,,4,6,2,1,6,5,3,3,2
439,4,126,40,,8,9,3,1,10,5,5,4,3
440,4,127,8,,1,2,1,0,1,1,1,1,1
441,4,128,55,,10,8,4,8,11,6,7,7,1
442,4,129,22,,4,4,3,2,4,2,3,1,2
443,4,130,3,,1,1,0,1,0,0,1,0,1
444,4,131,48,,7,9,2,3,11,7,5,5,4
445,4,132,180,,45,29,10,11,41,16,24,26,2
446,4,133,40,,8,8,2,5,9,3,4,4,2
447,4,134,9,,1,1,2,1,1,2,1,1,1
448,4,135,40,,7,9,2,2,9,7,6,3,3
449,4,136,2,,0,0,1,0,0,0,1,0,1
450,4,137,12,,1,3,2,2,2,2,1,0,2
451,4,138,9,,1,4,0,1,1,2,2,0,0
452,4,139,17,,2,4,2,0,4,3,2,1,2
453,4,140,6,,1,1,1,1,0,1,2,1,0
454,4,141,32,,9,6,0,1,8,2,2,5,1
455,4,142,49,,3,8,3,3,15,11,6,4,2
456,4,143,51,,9,8,4,4,12,5,6,7,2
457,5,1,32,,10,3,2,0,9,2,4,6,0
458,5,2,3,,0,1,0,0,0,2,1,0,1
459,5,3,3,,1,1,0,0,0,0,1,1,0
460,5,4,9,,1,3,0,1,1,0,1,3,0
461,5,5,37,,4,9,3,6,4,8,8,1,3
462,5,6,6,,1,2,0,0,1,2,0,1,1
463,5,7,4,,1,1,0,1,0,0,1,1,0
464,5,8,2,,2,0,0,0,0,0,1,0,1
465,5,9,18,,6,4,0,1,1,6,5,0,6
466,5,10,7,,2,3,0,0,0,1,1,1,3
467,5,11,36,,7,9,3,5,5,6,4,1,5
468,5,12,6,,2,2,0,0,0,1,2,1,2
469,5,13,46,,9,9,1,7,6,9,8,4,7
470,5,14,6,,2,1,0,1,0,0,2,2,1
471,5,15,20,,6,5,2,2,1,3,3,1,4
472,5,16,1,,0,1,0,0,0,1,0,0,1
473,5,17,4,,1,1,0,1,0,0,1,1,0
474,5,18,3,,0,1,0,0,0,2,1,0,1
475,5,19,11,,2,1,0,2,2,1,1,2,1
476,5,20,34,,6,8,3,3,4,7,5,2,4
477,5,21,1,,0,0,0,1,0,0,1,0,1
478,5,22,3,,1,1,0,0,0,0,1,1,0
479,5,23,32,,9,5,1,3,8,1,4,4,1
480,5,24,2,,1,0,0,1,0,0,1,0,1
481,5,25,5,,1,1,0,0,1,1,1,1,0
482,5,26,6,,1,1,2,0,1,1,1,0,2
483,5,27,10,,1,4,0,2,1,0,3,1,1
484,5,28,6,,3,1,0,0,0,1,2,1,1
485,5,29,3,,2,0,0,0,1,0,0,1,1
486,5,30,11,,2,2,0,1,3,2,2,0,1
487,5,31,4,,2,1,0,0,0,0,1,2,1
488,5,32,25,,5,5,0,4,4,4,3,1,2
489,5,33,33,,6,8,1,2,7,7,6,2,2
490,5,34,28,,8,8,1,2,3,5,5,1,5
491,5,35,5,,4,1,0,0,0,0,0,0,3
492,5,36,3,,1,1,0,0,0,0,1,1,0
493,5,37,17,,8,4,1,1,2,2,2,1,2
494,5,38,7,,1,1,1,2,1,0,1,1,0
495,5,39,9,,9,1,0,0,0,0,3,1,1
496,5,40,39,,10,9,3,4,5,8,9,1,2
497,5,41,33,,8,5,1,4,5,8,7,1,4
498,5,42,33,,9,7,3,1,6,4,6,5,2
499,5,43,36,,10,5,1,1,5,7,6,6,3
500,5,44,36,,11,8,2,2,6,5,4,4,2
501,5,45,35,,10,5,1,0,7,7,7,4,3
502,5,46,35,,7,6,2,5,4,6,4,4,4
503,5,47,17,,6,4,0,1,2,3,4,0,4
504,5,48,11,,3,2,1,0,1,2,1,0,2
505,5,49,9,,3,2,0,0,2,2,2,0,1
506,5,50,8,,1,3,1,2,0,0,1,2,1
507,5,51,16,,4,5,0,3,1,1,3,2,5
508,5,52,18,,4,4,1,1,4,1,3,2,2
509,5,53,7,,1,2,1,0,1,0,1,2,0
510,5,54,7,,1,3,0,0,1,2,1,0,1
511,5,55,2,,0,1,0,0,0,1,1,0,0
512,5,56,21,,6,3,1,4,4,2,5,0,5
513,5,57,7,,4,1,0,0,0,1,2,1,2
514,5,58,23,,4,7,0,2,5,5,3,0,0
515,5,59,4,,1,1,0,1,0,1,1,0,1
516,5,60,3,,1,1,0,0,0,0,1,1,0
517,5,61,26,,9,6,2,0,3,2,5,2,6
518,5,62,7,,1,1,1,2,0,1,1,1,1
519,5,63,16,,2,4,1,3,0,3,3,1,2
520,5,64,7,,1,1,0,1,2,2,1,0,2
521,5,65,7,,2,1,2,0,1,0,1,1,0
522,5,66,15,,2,5,0,2,2,3,1,1,3
523,5,67,23,,5,5,1,1,5,4,3,2,2
524,5,68,11,,2,3,0,2,2,1,1,1,0
525,5,69,22,,6,2,0,1,7,2,2,3,1
526,5,70,34,,5,8,2,3,5,4,4,3,6
527,5,71,4,,2,0,0,0,1,0,1,0,2
528,5,72,5,,3,0,1,0,1,0,0,1,0
529,5,73,4,,1,1,0,0,1,1,1,0,0
530,5,74,23,,4,5,0,1,7,3,4,3,1
531,5,75,34,,5,8,1,3,6,3,4,5,3
532,5,76,26,,5,3,1,2,6,4,3,3,2
533,5,77,5,,0,1,0,1,1,0,0,0,4
534,5,78,33,,11,5,1,1,4,6,5,5,0
535,5,79,41,,4,11,3,4,9,4,4,5,1
536,5,80,34,,7,7,1,3,8,5,4,2,1
537,5,81,7,,4,1,1,0,1,1,1,0,2
538,5,82,58,,13,11,1,4,13,5,7,6,5
539,5,83,7,,2,1,1,0,0,1,0,2,2
540,5,84,2,,1,1,0,0,0,0,1,0,0
541,5,85,7,,2,1,0,1,2,1,1,0,1
542,5,86,13,,3,4,0,1,1,4,3,0,1
543,5,87,23,,2,6,2,1,6,3,3,3,0
544,5,88,42,,7,9,0,2,14,6,4,2,2
545,5,89,66,,11,16,3,4,15,8,6,7,2
546,5,90,1,,2,0,0,0,0,0,0,0,1
547,5,91,3,,1,1,0,0,0,0,1,1,0
548,5,92,5,,2,0,0,1,0,1,1,1,2
549,5,93,3,,1,1,0,1,0,0,1,0,0
550,5,94,3,,2,0,0,1,0,0,1,0,1
551,5,95,4,,1,1,0,1,0,1,2,0,1
552,5,96,27,,6,6,1,1,7,2,5,4,2
553,5,97,13,,5,2,1,0,1,3,1,1,4
554,5,98,28,,7,6,1,0,7,4,6,3,5
555,5,99,5,,2,0,0,0,0,1,0,1,3
556,5,100,22,,5,7,3,1,3,1,2,2,0
557,5,101,26,,8,4,0,1,7,2,3,3,5
558,5,102,12,,4,2,0,1,1,1,2,2,2
559,5,103,17,,3,7,1,1,1,4,2,0,4
560,5,104,44,,7,8,4,2,10,6,5,5,5
561,5,105,2,,2,0,0,0,1,0,1,0,0
562,5,106,9,,2,1,0,1,1,3,2,1,2
563,5,107,2,,1,1,0,0,0,0,1,0,0
564,5,108,7,,4,0,0,0,0,2,2,2,4
565,5,109,3,,0,1,0,0,0,2,1,0,0
566,5,110,3,,1,1,0,0,0,0,1,1,0
567,5,111,9,,2,3,0,0,1,2,0,0,4
568,5,112,23,,6,4,0,3,3,4,5,3,2
569,5,113,4,,1,0,1,1,0,0,1,1,1
570,5,114,10,,3,1,1,0,2,0,1,3,0
571,5,115,20,,4,0,5,1,4,2,2,3,3
572,5,116,2,,0,0,0,0,0,0,2,2,0
573,5,117,11,,3,2,1,0,1,2,2,2,2
574,5,118,14,,2,4,1,1,1,4,1,1,1
575,5,119,26,,6,7,2,4,3,3,6,1,2
576,5,120,26,,6,5,0,2,4,5,5,3,6
577,5,121,52,,10,7,3,4,11,7,6,7,6
578,5,122,35,,10,8,1,2,7,7,6,1,5
579,5,123,4,,1,1,0,1,0,0,3,0,2
580,5,124,15,,2,2,2,1,4,2,2,2,0
581,5,125,32,,4,7,0,3,9,4,3,3,2
582,5,126,51,,7,8,3,8,15,6,5,3,1
583,5,127,37,,5,8,3,3,10,6,5,2,0
584,5,128,8,,4,1,0,1,0,1,2,0,3
585,5,129,6,,1,2,0,1,0,0,1,2,0
586,5,130,15,,3,4,1,1,3,3,2,1,1
587,5,131,27,,4,8,2,2,4,3,6,3,2
588,5,132,21,,3,2,2,2,5,3,3,3,1
589,5,133,24,,6,4,0,3,3,5,5,1,5
590,5,134,28,,4,7,1,2,8,3,2,2,1
591,6,1,63,,11,13,2,4,15,9,8,7,2
592,6,2,32,,10,6,1,0,8,2,6,5,0
593,6,3,22,,2,5,1,2,6,3,2,2,1
594,6,4,34,,8,3,4,1,8,3,7,6,2
595,6,5,8,,3,1,0,0,2,0,0,2,1
596,6,6,21,,8,2,1,2,2,0,5,6,1
597,6,7,8,,3,1,0,0,2,0,0,2,1
598,6,8,11,,1,3,1,1,1,2,2,1,1
599,6,9,49,,8,9,3,5,13,4,6,7,0
600,6,10,9,,2,2,0,1,3,0,2,1,0
601,6,11,16,,6,1,0,0,5,0,3,2,5
602,6,12,29,,7,3,2,2,5,5,5,4,3
603,6,13,35,,4,6,6,4,10,0,4,5,0
604,6,14,10,,4,2,0,2,2,1,3,0,2
605,6,15,23,,5,3,0,0,6,4,3,3,4
606,6,16,17,,2,4,0,0,3,5,5,0,3
607,6,17,19,,2,5,2,1,2,2,2,4,1
608,6,18,23,,5,3,1,3,4,6,2,1,4
609,6,19,14,,4,2,0,1,4,2,1,1,1
610,6,20,3,,1,1,0,0,0,1,2,0,0
611,6,21,47,,13,7,2,2,10,4,7,7,7
612,6,22,17,,4,3,2,2,4,0,5,2,0
613,6,23,6,,2,1,0,1,2,1,0,0,1
614,6,24,7,,3,1,0,1,1,0,2,1,0
615,6,25,7,,0,2,0,0,3,1,0,1,2
616,6,26,3,,1,1,0,0,0,0,1,1,0
617,6,27,7,,2,1,1,0,0,1,2,2,2
618,6,28,13,,2,4,0,3,2,1,3,1,0
619,6,29,14,,4,2,1,1,1,3,2,3,3
620,6,30,7,,2,1,0,1,1,1,1,0,2
621,6,31,15,,5,2,1,0,3,1,2,3,0
622,6,32,13,,2,2,0,1,5,2,4,0,3
623,6,33,6,,0,2,0,0,2,2,1,0,1
624,6,34,2,,1,1,0,0,0,0,1,0,0
625,6,35,9,,3,3,0,0,2,1,2,1,1
626,6,36,16,,7,1,1,2,2,2,3,1,5
627,6,37,8,,1,2,0,0,3,1,1,1,0
628,6,38,52,,12,10,6,1,9,0,7,10,4
629,6,39,9,,2,0,1,3,1,0,1,1,3
630,6,40,11,,2,1,0,1,4,2,2,0,1
631,6,41,10,,1,1,0,3,2,1,1,1,1
632,6,42,21,,4,5,0,3,5,1,3,3,1
633,6,43,29,,4,7,4,1,7,0,3,5,1
634,6,44,32,,6,5,2,6,5,6,4,2,3
635,6,45,12,,4,1,0,1,2,1,2,2,6
636,6,46,1,,1,0,0,0,0,0,1,0,0
637,6,47,57,,13,13,3,4,12,7,8,3,5
638,6,48,11,,2,4,1,0,2,1,1,1,5
639,6,49,21,,3,8,0,3,3,1,3,2,3
640,6,50,13,,5,3,1,0,2,1,2,2,4
641,6,51,25,,5,4,1,3,6,1,2,4,1
642,6,52,49,,14,9,1,2,13,2,8,7,1
643,6,53,34,,4,7,1,7,6,5,3,4,0
644,6,54,7,,5,1,0,0,0,2,1,0,2
645,6,55,11,,3,2,0,0,4,0,2,1,1
646,6,56,21,,6,2,1,3,3,3,4,1,3
647,6,57,24,,9,4,1,0,3,2,2,4,4
648,6,58,24,,5,5,1,3,4,2,3,3,2
649,6,59,13,,5,1,0,0,3,2,1,1,2
650,6,60,24,,10,4,0,0,4,3,5,2,3
651,6,61,44,,8,13,0,5,9,4,9,4,2
652,6,62,14,,5,3,0,2,0,3,4,1,4
653,6,63,55,,10,11,1,5,11,12,7,5,1
654,6,64,1,,1,0,0,0,0,0,1,0,0
655,6,65,9,,4,1,0,0,2,0,2,2,2
656,6,66,1,,1,0,0,0,0,0,0,0,1
657,6,67,1,,1,0,0,0,0,0,0,0,1
658,6,68,55,,10,9,4,7,8,8,7,7,3
659,6,69,1,,1,0,0,0,0,0,1,0,0
660,6,70,1,,1,0,0,0,0,0,1,0,1
661,6,71,1,,1,0,0,0,0,0,0,0,1
662,6,72,1,,1,0,0,0,0,0,0,0,1
663,6,73,1,,0,0,0,1,0,0,1,0,1
664,6,74,9,,1,2,0,0,1,3,2,1,1
665,6,75,13,,3,3,0,0,3,2,2,2,0
666,6,76,19,,4,4,1,0,5,2,1,2,3
667,6,77,17,,3,3,0,1,3,4,3,2,1
668,6,78,32,,11,5,2,1,6,2,6,5,2
669,6,79,44,,4,9,4,3,9,7,6,4,4
670,6,80,51,,10,9,2,3,13,8,6,3,3
671,6,81,32,,7,7,2,1,7,6,3,2,6
672,6,82,22,,5,5,2,0,4,2,3,3,1
673,6,83,16,,7,2,0,1,3,1,2,2,5
674,6,84,20,,4,4,0,3,4,3,2,2,0
675,6,85,44,,11,5,2,7,8,2,5,7,2
676,6,86,21,,2,6,0,3,5,3,4,1,2
677,6,87,5,,1,1,0,0,0,0,2,2,1
678,6,88,23,,5,5,2,1,5,4,5,1,4
679,6,89,2,,1,0,0,1,0,0,1,0,0
680,6,90,23,,3,5,3,1,6,2,3,2,2
681,6,91,22,,4,5,0,3,4,5,3,1,1
682,6,92,16,,2,2,0,4,3,3,3,1,1
683,6,93,33,,4,5,2,4,7,6,3,3,2
684,6,94,20,,2,5,1,3,5,2,2,2,0
685,6,95,26,,2,8,0,3,3,6,5,2,4
686,6,96,54,,10,9,4,6,11,6,5,6,3
687,6,97,8,,2,2,0,2,0,1,1,1,0
688,6,98,28,,3,7,4,3,4,5,5,1,1
689,6,99,26,,6,4,0,6,3,4,5,3,2
690,6,100,12,,2,4,0,2,2,2,4,0,2
691,6,101,13,,1,3,0,1,2,3,2,0,5
692,6,102,15,,2,5,1,1,3,1,1,3,1
693,6,103,8,,2,3,0,2,0,1,2,0,2
694,6,104,12,,4,3,0,1,0,2,2,1,4
695,6,105,11,,4,2,0,1,3,1,2,1,0
696,6,106,16,,5,3,0,3,2,2,3,2,3
697,6,107,13,,2,4,0,2,1,1,2,2,1
698,6,108,7,,2,0,1,1,2,1,1,0,1
699,6,109,26,,13,2,1,0,3,1,7,6,3
700,6,110,8,,2,1,1,0,1,2,2,2,0
701,6,111,12,,4,3,1,0,3,1,2,0,2
702,6,112,14,,6,2,0,1,0,2,3,2,6
703,6,113,3,,2,1,0,0,0,1,1,0,0
704,6,114,3,,1,1,1,0,0,1,0,0,1
705,6,115,7,,1,3,0,1,0,2,0,0,3
706,6,116,2,,1,1,0,0,0,0,1,0,0
707,6,117,13,,2,5,0,1,1,2,3,1,4
708,6,118,22,,5,4,1,2,5,4,2,1,4
709,6,119,11,,3,3,0,1,2,0,2,2,4
710,6,120,3,,0,1,0,0,1,1,0,0,1
711,6,121,5,,1,2,0,1,0,1,2,0,1
712,6,122,23,,9,3,0,3,2,4,6,2,4
713,6,123,15,,5,4,0,3,1,4,2,0,0
714,6,124,4,,3,0,0,0,0,1,0,0,2
715,6,125,8,,1,4,0,1,0,2,3,0,1
716,6,126,8,,2,2,0,0,0,3,2,1,1
717,6,127,9,,3,1,1,0,2,1,2,1,1
718,6,128,15,,2,5,0,3,1,3,3,0,4
719,6,129,10,,3,2,0,0,1,2,3,1,3
720,6,130,16,,3,5,1,3,2,1,2,1,0
721,6,131,15,,1,5,0,3,2,3,2,1,0
722,6,132,8,,2,1,0,0,2,1,4,2,1
723,6,133,3,,1,1,0,0,0,0,1,1,0
724,6,134,6,,0,2,1,1,1,1,1,0,2
725,6,135,19,,3,4,2,3,4,2,2,2,1
726,6,136,10,,1,4,0,1,1,2,2,1,2
727,6,137,36,,5,9,0,3,9,3,4,5,2
728,6,138,40,,10,7,3,6,7,5,3,3,5
729,6,139,20,,3,4,0,1,4,2,4,4,2
730,6,140,6,,2,1,2,0,1,1,1,0,1
731,6,141,3,,1,1,0,0,0,0,1,1,0
732,6,142,22,,4,8,2,2,2,4,2,0,5
733,6,143,35,,9,6,0,2,7,2,6,8,2
734,6,144,1,,1,0,0,0,0,0,1,0,1
735,6,145,17,,5,3,1,1,3,1,3,4,1
736,6,146,12,,3,1,2,1,1,3,1,1,1
737,6,147,40,,10,9,0,3,8,4,3,5,1
738,6,148,54,,9,10,2,7,11,8,5,4,4
739,6,149,11,,2,1,2,2,1,2,1,1,1
740,7,1,54,,12,10,2,1,13,6,7,8,2
741,7,2,18,,7,4,1,1,2,3,3,1,5
742,7,3,20,,3,3,1,0,3,1,3,5,5
743,7,4,2,,1,0,0,0,0,0,1,1,0
744,7,5,8,,1,3,0,1,0,2,1,0,1
745,7,6,5,,3,0,0,0,1,0,1,0,3
746,7,7,18,,5,2,1,1,4,1,3,2,2
747,7,8,11,,6,1,0,0,1,0,2,3,1
748,7,9,14,,5,2,0,0,3,1,2,2,1
749,7,10,8,,2,3,0,0,0,2,2,1,2
750,7,11,8,,5,1,0,0,0,0,1,2,3
751,7,12,14,,2,3,1,3,2,3,2,0,2
752,7,13,17,,3,5,1,1,3,2,1,1,4
753,7,14,20,,5,5,2,1,2,3,2,1,6
754,7,15,7,,4,2,0,0,0,1,1,1,1
755,7,16,18,,4,4,2,0,4,2,2,2,0
756,7,17,17,,4,4,1,2,2,2,3,1,4
757,7,18,23,,6,4,1,2,3,2,4,5,1
758,7,19,7,,2,1,0,1,0,1,2,1,2
759,7,20,2,,1,1,0,0,0,0,1,0,0
760,7,21,17,,3,6,1,0,1,5,2,0,5
761,7,22,14,,2,3,0,0,1,4,1,2,3
762,7,23,4,,2,1,0,0,0,0,1,1,0
763,7,24,4,,1,1,0,2,0,0,2,0,1
764,7,25,12,,2,3,0,1,1,3,2,1,2
765,7,26,21,,3,5,3,1,3,5,6,1,3
766,7,27,6,,2,0,1,1,0,0,1,2,1
767,7,28,3,,1,1,0,0,0,0,1,1,0
768,7,29,22,,1,6,1,3,2,7,2,1,4
769,7,30,26,,3,6,1,3,3,7,4,2,5
770,7,31,33,,3,9,1,5,4,7,5,3,5
771,7,32,40,,12,7,1,2,7,3,6,6,5
772,7,33,9,,2,2,1,0,1,0,1,3,0
773,7,34,7,,2,1,0,0,1,2,1,1,1
774,7,35,32,,4,8,0,3,8,8,6,1,0
775,7,36,9,,2,2,1,2,1,0,1,2,1
776,7,37,3,,2,0,1,0,0,0,0,0,2
777,7,38,3,,1,1,0,0,0,0,1,1,0
778,7,39,9,,4,1,1,0,0,2,0,1,3
779,7,40,8,,2,2,0,1,1,1,1,1,0
780,7,41,10,,3,2,1,1,0,1,2,2,1
781,7,42,24,,6,6,0,1,5,2,5,3,4
782,7,43,45,,8,8,3,3,10,9,6,3,2
783,7,44,10,,3,3,0,0,2,1,1,1,0
784,7,45,4,,1,0,1,0,0,1,0,1,2
785,7,46,2,,0,1,0,0,0,1,1,0,0
786,7,47,16,,6,2,0,1,2,3,2,2,3
787,7,48,3,,0,1,0,1,0,1,0,0,2
788,7,49,3,,1,1,0,0,0,0,1,1,0
789,7,50,9,,4,2,0,0,0,3,1,0,1
790,7,51,22,,5,2,3,4,5,1,3,2,3
791,7,52,10,,5,2,0,1,1,0,1,2,1
792,7,53,4,,1,2,0,1,0,0,1,0,0
793,7,54,19,,4,4,1,2,4,2,2,2,1
794,7,55,13,,1,3,0,2,2,4,3,0,3
795,7,56,18,,4,4,1,2,2,2,3,3,1
796,7,57,24,,6,5,0,2,5,5,6,1,1
797,7,58,6,,2,1,0,1,0,1,1,1,1
798,7,59,7,,2,2,0,1,1,0,2,1,0
799,7,60,11,,3,2,0,0,1,3,3,2,4
800,7,61,9,,3,2,1,0,0,1,2,2,2
801,7,62,6,,5,1,0,0,0,0,1,1,1
802,7,63,3,,1,1,0,1,0,0,1,0,0
803,7,64,22,,5,6,0,1,3,4,2,2,4
804,7,65,19,,4,5,0,1,4,4,3,1,3
805,7,66,3,,1,1,0,0,0,2,0,0,1
806,7,67,9,,2,4,0,0,0,3,2,0,2
807,7,68,5,,2,1,0,0,1,1,1,0,2
808,7,69,7,,3,1,0,1,0,1,2,1,0
809,7,70,9,,2,3,0,2,1,2,0,0,1
810,7,71,17,,3,5,1,4,2,3,2,0,2
811,7,72,1,,1,0,0,0,0,0,1,0,1
812,7,73,7,,2,1,0,0,1,1,2,2,0
813,7,74,5,,1,3,0,0,0,1,1,0,2
814,7,75,20,,3,4,1,3,4,4,3,1,1
815,7,76,34,,13,4,1,2,7,2,5,4,3
816,7,77,6,,3,0,1,0,1,0,3,0,1
817,7,78,14,,4,2,1,1,2,3,2,2,0
818,7,79,19,,2,5,2,3,2,3,6,1,4
819,7,80,21,,1,4,2,3,5,3,5,1,4
820,7,81,6,,2,1,0,0,1,1,1,1,1
821,7,82,2,,1,1,0,0,0,0,1,0,0
822,7,83,6,,3,0,0,1,0,1,1,1,0
823,7,84,2,,0,1,0,1,0,1,0,0,1
824,7,85,2,,0,1,0,0,0,1,1,0,0
825,7,86,41,,13,8,3,2,8,6,9,3,1
826,7,87,7,,1,1,0,1,1,3,0,0,2
827,7,88,5,,0,1,1,1,0,1,2,1,0
828,7,89,8,,3,2,1,0,1,2,1,0,2
829,7,90,24,,8,3,0,1,4,3,8,5,2
830,7,91,32,,9,7,1,2,7,5,8,1,1
831,7,92,24,,8,5,2,2,1,1,4,4,7
832,7,93,4,,1,0,0,0,2,1,1,0,0
833,7,94,3,,1,0,0,2,0,0,1,0,1
834,7,95,2,,1,1,0,0,0,0,1,0,0
835,7,96,20,,5,4,1,1,4,2,2,4,3
836,7,97,7,,3,0,0,2,0,1,1,0,3
837,7,98,8,,4,1,1,0,1,0,1,1,1
838,7,99,12,,4,2,1,2,1,0,2,1,2
839,7,100,2,,0,1,0,0,0,1,1,0,0
840,7,101,26,,9,4,1,1,5,3,5,4,5
841,7,102,7,,1,3,0,1,0,2,2,0,1
842,7,103,2,,1,1,0,0,0,0,1,0,0
843,7,104,11,,2,3,0,2,1,0,3,2,3
844,7,105,10,,2,1,0,2,2,2,1,1,1
845,7,106,4,,1,2,0,0,1,0,1,0,0
846,7,107,10,,4,3,0,0,0,1,3,2,1
847,7,108,6,,1,1,1,0,1,1,1,1,2
848,7,109,9,,3,1,1,0,0,2,1,2,0
849,7,110,15,,4,5,0,1,1,2,2,1,5
850,7,111,4,,1,1,0,1,0,0,0,1,2
851,7,112,3,,0,2,0,0,0,1,1,0,0
852,7,113,3,,3,0,0,0,1,0,1,0,1
853,7,114,9,,1,1,0,1,3,2,1,1,0
854,7,115,6,,2,1,0,1,0,1,1,1,0
855,7,116,19,,4,7,1,0,1,4,2,2,5
856,7,117,4,,2,0,0,0,0,1,1,1,1
857,7,118,4,,2,1,0,0,0,0,1,1,0
858,7,119,3,,1,2,0,0,0,0,2,0,1
859,7,120,2,,1,1,0,0,0,0,1,0,0
860,7,121,18,,5,3,2,0,4,3,2,1,5
861,7,122,38,,11,6,2,1,8,4,6,5,5
862,7,123,14,,3,4,1,1,3,1,2,1,0
863,7,124,13,,3,3,0,0,3,1,3,2,2
864,7,125,61,,10,17,4,7,10,10,10,4,7
865,7,126,12,,5,1,1,2,1,0,3,2,1
866,7,127,17,,5,3,3,3,1,2,2,1,4
867,7,128,19,,6,5,2,1,2,3,2,1,4
868,7,129,6,,4,2,0,0,0,0,2,0,1
869,7,130,6,,1,3,1,1,0,1,0,0,2
870,7,131,4,,1,1,0,1,0,0,1,1,0
871,7,132,31,,6,6,0,4,8,4,6,3,0
872,7,133,10,,1,2,0,2,2,1,1,2,1
873,7,134,20,,3,4,0,3,4,2,4,3,2
874,7,135,5,,2,0,1,0,0,0,0,1,4
875,7,136,14,,5,3,0,2,2,0,2,2,1
876,7,137,1,,1,0,0,0,0,0,0,0,1
877,7,138,19,,4,3,2,2,3,3,3,2,3
878,7,139,4,,2,1,0,0,1,0,1,1,1
879,7,140,9,,3,2,0,3,0,1,2,0,2
880,7,141,7,,0,3,0,1,0,1,0,0,3
881,7,142,2,,0,0,0,1,0,0,2,0,2
882,7,143,4,,1,1,0,1,0,0,1,1,0
883,7,144,6,,0,2,0,1,2,1,2,0,0
884,7,145,17,,1,6,1,1,2,4,4,1,3
885,7,146,6,,1,3,0,1,0,1,2,0,0
886,7,147,10,,5,1,0,0,2,0,2,3,1
887,7,148,15,,7,2,1,0,1,1,1,3,5
888,7,149,31,,10,5,0,2,6,3,4,5,1
889,7,150,36,,10,4,3,2,7,2,4,7,1
890,7,151,19,,4,5,0,5,2,2,3,1,2
891,7,152,7,,2,2,0,1,1,1,0,1,0
892,7,153,27,,6,4,2,3,4,3,6,3,5
893,7,154,18,,6,3,1,1,3,1,3,3,1
894,7,155,9,,3,2,0,1,2,1,3,1,1
895,7,156,19,,6,2,1,0,5,2,2,3,0
896,7,157,37,,10,10,1,1,8,4,5,3,5
897,7,158,2,,1,1,0,0,0,0,1,0,0
898,7,159,2,,0,0,0,2,0,0,1,0,1
899,7,160,4,,2,1,0,0,0,0,1,1,0
900,7,161,3,,1,1,1,0,0,0,1,0,0
901,7,162,73,,18,13,2,4,18,5,16,11,2
902,7,163,22,,6,7,1,3,0,4,5,1,7
903,7,164,67,,13,13,4,2,13,8,9,9,5
904,7,165,9,,2,1,0,2,1,1,1,1,3
905,7,166,10,,3,2,0,0,2,2,1,1,0
906,7,167,14,,4,1,1,1,2,3,2,2,2
907,7,168,19,,3,4,0,1,4,3,2,3,1
908,7,169,4,,2,0,1,1,0,0,0,1,2
909,7,170,2,,0,1,0,0,0,1,1,0,0
910,7,171,5,,3,0,1,0,1,0,1,0,2
911,7,172,10,,0,2,0,3,2,2,1,0,1
912,7,173,4,,0,1,0,0,2,1,1,0,0
913,7,174,16,,3,1,4,1,3,2,2,2,0
914,7,175,28,,8,4,2,1,6,3,5,4,2
915,7,176,53,,13,8,4,2,10,8,8,7,1
916,8,1,29,,6,6,2,1,5,3,5,4,2
917,8,2,32,,4,6,1,3,7,6,5,2,4
918,8,3,9,,5,1,0,0,2,1,0,1,1
919,8,4,15,,4,3,1,0,1,3,3,1,6
920,8,5,11,,3,2,0,1,2,0,3,1,4
921,8,6,6,,2,1,0,1,1,0,1,1,0
922,8,7,5,,2,1,0,1,0,1,1,0,2
923,8,8,2,,0,1,0,0,0,0,1,0,1
924,8,9,12,,2,5,0,1,1,2,0,1,2
925,8,10,2,,0,0,0,0,1,1,0,0,2
926,8,11,7,,0,3,1,0,0,1,1,1,1
927,8,12,7,,4,0,0,0,1,0,2,1,3
928,8,13,2,,0,2,0,0,0,0,1,0,0
929,8,14,5,,2,1,0,0,0,2,2,0,1
930,8,15,18,,7,2,0,1,3,3,4,1,3
931,8,16,44,,8,9,2,4,9,7,8,4,2
932,8,17,15,,2,5,0,3,0,3,3,2,3
933,8,18,9,,1,2,0,0,3,0,2,0,3
934,8,19,51,,9,13,1,2,8,6,10,6,7
935,8,20,29,,5,8,1,2,4,5,7,3,4
936,8,21,2,,2,0,0,0,0,0,0,1,0
937,8,22,11,,2,1,1,1,2,2,1,1,1
938,8,23,16,,4,3,3,0,3,0,3,2,1
939,8,24,45,,10,10,2,0,11,1,8,8,3
940,8,25,30,,6,7,2,1,7,2,5,3,2
941,8,26,36,,8,9,3,1,9,3,6,3,0
942,8,27,30,,14,4,1,1,4,0,5,6,1
943,8,28,61,,11,11,2,5,13,8,7,5,9
944,8,29,9,,0,3,0,2,2,2,2,0,0
945,8,30,22,,4,6,1,2,4,3,2,3,1
946,8,31,15,,2,3,0,2,4,3,2,1,0
947,8,32,1,,2,0,0,0,0,0,0,0,1
948,8,33,19,,6,4,0,1,3,4,7,1,2
949,8,34,27,,8,4,0,5,4,5,7,2,3
950,8,35,7,,1,3,0,0,1,2,1,0,1
951,8,36,4,,1,1,0,0,1,1,0,1,1
952,8,37,57,,13,10,2,1,13,8,10,7,3
953,8,38,4,,0,1,0,1,0,1,1,0,2
954,8,39,7,,2,2,1,0,1,1,2,0,0
955,8,40,6,,4,0,0,0,1,1,0,1,2
956,8,41,23,,8,2,1,0,7,2,4,3,1
957,8,42,2,,2,0,0,0,1,0,0,0,2
958,8,43,11,,2,2,1,3,2,0,3,1,0
959,8,44,19,,6,3,0,2,2,4,4,2,1
960,8,45,15,,3,2,0,2,4,2,1,2,2
961,8,46,9,,2,1,0,3,1,0,3,1,1
962,8,47,2,,2,0,0,0,1,0,0,0,1
963,8,48,29,,9,4,1,2,5,0,8,6,2
964,8,49,3,,2,0,0,0,1,0,0,1,1
965,8,50,3,,1,1,0,0,0,0,1,1,0
966,8,51,4,,0,1,0,1,0,2,1,0,1
967,8,52,16,,3,4,0,2,3,3,5,1,1
968,8,53,25,,5,7,1,2,3,5,4,1,6
969,8,54,10,,2,4,0,1,0,1,2,2,0
970,8,55,4,,2,0,0,0,1,1,1,0,1
971,8,56,22,,6,4,0,0,7,1,3,3,1
972,8,57,5,,1,3,0,0,0,1,0,0,3
973,8,58,14,,4,2,1,0,4,2,3,1,0
974,8,59,21,,3,3,0,2,7,1,3,3,2
975,8,60,4,,3,0,0,0,1,1,0,0,1
976,8,61,3,,1,1,0,0,0,0,1,1,0
977,8,62,9,,3,3,0,0,1,3,1,0,1
978,8,63,5,,2,1,0,0,1,0,1,1,0
979,8,64,3,,1,0,0,1,0,0,1,1,2
980,8,65,3,,1,1,0,0,0,0,1,1,0
981,8,66,4,,2,1,1,0,0,1,0,0,1
982,8,67,16,,3,3,2,1,4,1,3,2,0
983,8,68,1,,2,0,0,0,0,0,0,0,1
984,8,69,2,,1,1,0,0,0,0,1,0,0
985,8,70,3,,1,0,0,1,1,0,2,0,1
986,8,71,15,,3,4,2,1,1,1,3,2,1
987,8,72,8,,3,1,0,1,0,2,1,1,4
988,8,73,7,,2,1,1,0,1,1,1,1,0
989,8,74,14,,3,4,0,1,2,3,2,1,0
990,8,75,7,,6,1,0,1,0,0,2,1,2
991,8,76,1,,1,0,0,0,0,0,1,0,1
992,8,77,1,,1,0,0,0,0,0,1,0,0
993,8,78,8,,2,1,2,0,1,0,2,2,0
994,8,79,30,,8,5,0,2,8,7,4,0,2
995,8,80,2,,0,0,0,0,1,1,0,0,2
996,8,81,2,,1,1,0,0,0,0,1,0,0
997,8,82,6,,2,1,0,0,0,2,2,1,1
998,8,83,3,,1,1,0,0,0,0,1,1,0
999,8,84,16,,4,5,0,0,1,3,4,3,5
1000,8,85,4,,0,1,0,0,1,2,0,0,2
1001,8,86,9,,4,3,0,0,0,1,1,2,2
1002,8,87,7,,3,1,0,1,1,0,1,1,0
1003,8,88,2,,2,0,1,0,0,0,1,0,1
1004,8,89,7,,2,2,0,0,1,0,1,2,0
1005,8,90,5,,1,1,0,0,0,1,1,1,2
1006,8,91,14,,4,3,1,1,2,3,3,1,1
1007,8,92,35,,7,7,1,1,9,1,6,6,3
1008,8,93,49,,13,11,4,1,10,4,7,5,1
1009,8,94,166,,30,38,5,16,34,18,20,15,10
1010,8,95,42,,9,8,2,2,12,1,6,8,1
1011,8,96,5,,2,0,0,0,2,1,1,0,1
1012,8,97,5,,1,0,0,1,2,0,1,1,0
1013,8,98,38,,5,8,2,4,8,6,7,3,4
1014,8,99,19,,6,2,4,2,2,1,2,2,3
1015,8,100,69,,10,15,2,5,17,12,8,6,5
1016,8,101,5,,1,2,0,1,1,1,0,0,1
1017,8,102,15,,2,3,0,2,5,1,2,1,1
1018,8,103,9,,3,3,0,1,1,0,2,1,0
1019,8,104,20,,4,4,1,0,4,5,4,1,4
1020,8,105,31,,7,6,2,2,6,3,4,4,1
1021,8,106,20,,2,4,0,3,6,2,2,2,1
1022,8,107,104,,22,21,7,10,16,11,12,11,16
1023,8,108,6,,2,1,0,1,1,1,0,1,1
1024,8,109,7,,2,1,1,0,1,0,1,2,0
1025,8,110,37,,6,7,3,7,5,5,8,3,6
1026,8,111,6,,1,2,0,0,2,0,1,1,0
1027,8,112,5,,1,2,0,0,1,2,0,0,1
1028,8,113,17,,6,3,1,0,4,0,3,2,2
1029,8,114,16,,7,2,1,0,2,3,3,2,3
1030,8,115,22,,5,4,0,0,4,5,3,3,5
1031,8,116,7,,2,1,1,1,0,1,2,1,2
1032,8,117,15,,8,2,1,0,3,1,1,2,4
1033,8,118,7,,1,2,0,0,2,2,1,0,0
1034,8,119,9,,3,2,0,0,1,0,2,2,2
1035,8,120,13,,4,1,1,1,2,2,1,1,5
1036,8,121,23,,6,6,0,2,2,3,5,3,4
1037,8,122,8,,1,3,0,0,0,2,0,1,2
1038,8,123,13,,3,2,2,1,2,0,2,2,1
1039,8,124,4,,2,0,0,0,1,1,1,0,1
1040,8,125,6,,1,2,0,1,1,1,2,0,0
1041,8,126,14,,4,2,0,1,1,3,2,2,4
1042,8,127,29,,7,7,0,4,5,2,4,3,2
1043,8,128,47,,9,9,1,4,11,7,3,4,2
1044,8,129,8,,2,1,0,0,3,2,1,0,0
1045,8,130,60,,15,8,4,2,15,3,5,10,3
1046,8,131,44,,12,8,0,2,10,3,6,9,3
1047,8,132,25,,3,3,0,5,6,5,3,1,2
1048,8,133,51,,9,11,3,5,8,4,8,9,2
1049,8,134,42,,4,10,0,5,9,9,6,3,2
1050,8,135,46,,11,11,1,1,12,4,4,4,5
1051,8,136,22,,7,6,0,0,4,1,3,2,4
1052,8,137,25,,11,3,1,0,5,2,3,3,3
1053,8,138,16,,6,3,3,0,3,1,0,2,0
1054,8,139,21,,5,3,0,2,5,4,2,1,3
1055,8,140,13,,5,1,0,1,2,2,3,2,3
1056,8,141,8,,2,1,0,0,3,0,1,2,0
1057,8,142,52,,11,11,0,6,11,4,6,9,1
1058,9,1,16,,3,4,2,2,1,4,1,0,3
1059,9,2,17,,4,3,0,2,3,3,3,1,2
1060,9,3,35,,5,8,2,5,7,5,2,3,0
1061,9,4,27,,7,4,1,3,5,5,3,4,4
1062,9,5,54,,13,10,7,4,12,5,10,1,5
1063,9,6,40,,8,8,2,6,5,8,5,3,1
1064,9,7,14,,4,3,0,0,4,3,3,0,2
1065,9,8,21,,3,3,1,2,3,5,2,3,2
1066,9,9,9,,2,3,0,1,1,1,1,0,4
1067,9,10,3,,2,1,0,0,0,0,3,0,1
1068,9,11,3,,1,1,0,0,0,0,1,1,0
1069,9,12,11,,2,2,1,1,1,2,2,1,3
1070,9,13,13,,2,3,1,1,2,3,1,0,2
1071,9,14,41,,11,5,3,7,8,4,6,3,1
1072,9,15,17,,0,3,1,4,4,4,3,0,1
1073,9,16,19,,4,3,1,3,3,1,3,3,3
1074,9,17,22,,8,5,1,1,3,0,6,4,5
1075,9,18,14,,7,3,1,0,2,2,1,0,4
1076,9,19,2,,1,0,0,1,0,0,2,0,1
1077,9,20,40,,11,6,5,0,7,4,5,5,5
1078,9,21,9,,4,1,0,1,2,1,1,0,1
1079,9,22,4,,1,1,0,0,1,1,1,0,0
1080,9,23,35,,12,7,0,1,4,7,4,4,5
1081,9,24,5,,2,1,0,0,0,1,1,1,0
1082,9,25,16,,2,5,1,2,2,1,3,2,2
1083,9,26,10,,6,1,0,0,1,0,3,2,2
1084,9,27,12,,3,1,1,1,3,0,2,3,0
1085,9,28,8,,3,1,1,2,0,0,2,1,2
1086,9,29,15,,5,3,2,0,2,2,3,2,2
1087,9,30,8,,2,2,1,0,0,2,3,1,2
1088,9,31,25,,6,5,2,2,5,2,5,2,4
1089,9,32,18,,1,3,3,2,4,0,3,4,1
1090,9,33,3,,1,1,0,0,0,1,2,0,1
1091,9,34,14,,3,3,2,1,1,2,3,2,2
1092,9,35,9,,2,2,0,0,2,2,2,0,2
1093,9,36,68,,5,18,2,8,15,14,4,3,8
1094,9,37,28,,2,7,2,3,4,8,4,0,5
1095,9,38,18,,4,4,0,0,3,3,3,3,3
1096,9,39,14,,7,2,0,0,2,2,1,2,2
1097,9,40,6,,5,0,1,0,1,0,1,0,2
1098,9,41,3,,1,1,0,0,0,0,1,1,0
1099,9,42,12,,2,3,0,1,2,3,1,1,2
1100,9,43,5,,3,0,0,0,1,0,1,1,1
1101,9,44,2,,1,1,0,0,0,0,1,0,0
1102,9,45,11,,6,2,0,0,1,2,0,1,3
1103,9,46,10,,0,3,0,2,2,2,1,0,1
1104,9,47,2,,1,0,0,1,0,0,1,0,1
1105,9,48,11,,4,1,1,0,2,1,2,2,0
1106,9,49,18,,2,6,2,1,3,2,3,2,2
1107,9,50,49,,16,6,5,5,12,1,7,5,6
1108,9,51,20,,6,3,0,0,5,2,4,2,2
1109,9,52,5,,4,0,0,0,0,1,1,1,1
1110,9,53,8,,2,1,2,0,1,0,2,2,0
1111,9,54,31,,4,7,0,1,7,5,6,5,4
1112,9,55,3,,2,0,0,0,0,1,1,0,0
1113,9,56,11,,3,3,0,0,2,1,2,2,0
1114,9,57,31,,10,6,0,3,7,1,5,4,2
1115,9,58,43,,12,9,1,2,5,5,6,7,4
1116,9,59,22,,5,5,1,1,3,2,2,4,2
1117,9,60,5,,2,0,0,0,2,1,1,0,1
1118,9,61,58,,14,10,0,3,16,3,8,10,2
1119,9,62,20,,6,3,0,3,4,1,4,2,2
1120,9,63,3,,2,1,0,0,0,0,1,1,1
1121,9,64,10,,4,3,0,1,0,2,0,1,2
1122,9,65,13,,7,3,0,0,1,1,1,2,2
1123,9,66,10,,2,2,0,1,2,1,2,0,4
1124,9,67,35,,8,6,1,3,5,5,7,5,6
1125,9,68,6,,3,0,1,0,0,0,1,1,4
1126,9,69,19,,3,5,1,1,4,3,2,2,0
1127,9,70,13,,2,3,0,3,2,1,2,2,0
1128,9,71,13,,5,3,0,0,2,2,2,2,1
1129,9,72,3,,2,0,1,0,0,0,1,0,2
1130,9,73,18,,5,4,1,0,4,1,3,3,1
1131,9,74,22,,3,6,0,2,4,3,3,2,2
1132,9,75,36,,5,6,2,4,10,4,3,4,1
1133,9,76,22,,6,4,0,2,3,4,3,2,1
1134,9,77,2,,1,0,0,0,0,1,1,0,1
1135,9,78,9,,2,1,0,0,2,1,3,3,0
1136,9,79,4,,1,1,0,0,0,1,1,1,1
1137,9,80,2,,1,1,0,0,0,0,1,0,0
1138,9,81,5,,1,1,0,1,0,1,3,1,1
1139,9,82,12,,3,2,0,1,1,4,4,1,2
1140,9,83,2,,2,0,0,0,1,0,0,0,0
1141,9,84,4,,3,1,0,0,1,0,1,0,1
1142,9,85,20,,2,5,0,5,4,4,4,1,1
1143,9,86,40,,8,8,2,4,8,5,5,3,2
1144,9,87,4,,0,1,0,1,0,2,1,0,0
1145,9,88,4,,1,1,0,0,0,2,1,0,1
1146,9,89,30,,7,5,1,2,5,5,7,5,3
1147,9,90,2,,2,0,0,0,1,0,0,0,0
1148,9,91,21,,5,3,2,0,6,3,3,1,1
1149,9,92,16,,3,4,1,1,2,3,3,2,3
1150,9,93,29,,13,3,1,1,3,5,4,4,6
1151,9,94,10,,3,1,0,0,3,1,2,1,1
1152,9,95,18,,4,5,0,2,2,4,2,0,5
1153,9,96,4,,0,1,0,1,1,1,1,0,0
1154,9,97,16,,8,2,2,0,2,1,2,3,2
1155,9,98,17,,5,3,2,2,3,0,1,3,1
1156,9,99,12,,5,1,0,0,3,0,2,3,0
1157,9,100,34,,5,10,2,6,5,4,5,0,4
1158,9,101,28,,4,4,1,8,6,2,4,3,3
1159,9,102,23,,7,6,1,0,2,5,2,2,4
1160,9,103,2,,1,1,0,0,0,0,1,0,0
1161,9,104,18,,4,4,1,3,1,5,2,1,2
1162,9,105,35,,4,7,5,2,8,4,3,4,3
1163,9,106,13,,5,1,2,0,3,0,3,2,1
1164,9,107,7,,3,1,0,0,1,1,1,1,1
1165,9,108,27,,6,6,0,1,6,6,5,2,4
1166,9,109,2,,1,1,0,0,0,0,1,0,0
1167,9,110,6,,2,2,0,0,0,1,2,1,1
1168,9,111,3,,2,0,0,0,0,1,1,0,1
1169,9,112,8,,2,2,0,1,1,0,2,1,1
1170,9,113,5,,2,1,0,0,1,0,1,1,0
1171,9,114,33,,11,6,1,2,5,4,7,5,5
1172,9,115,2,,1,0,0,0,1,0,1,0,1
1173,9,116,7,,2,1,0,2,0,0,1,2,0
1174,9,117,8,,4,2,2,0,1,1,1,0,2
1175,9,118,2,,1,0,0,0,1,0,1,0,1
1176,9,119,4,,2,1,0,0,0,0,1,1,0
1177,9,120,2,,0,0,0,2,0,0,1,0,1
1178,9,121,3,,1,1,0,1,0,0,1,0,0
1179,9,122,1,,1,0,0,0,0,0,1,0,1
1180,9,123,18,,7,2,2,2,2,0,1,3,2
1181,9,124,16,,5,1,3,1,4,1,5,2,1
1182,9,125,16,,5,4,0,1,2,2,3,2,3
1183,9,126,7,,2,2,0,0,1,2,1,0,2
1184,9,127,7,,2,1,1,0,1,0,1,2,0
1185,9,128,6,,1,1,1,1,0,1,0,1,2
1186,9,129,3,,0,1,0,0,1,1,0,0,2
1187,9,130,2,,1,1,0,0,0,0,1,0,0
1188,9,131,24,,12,2,1,1,7,0,7,2,3
1189,9,132,9,,3,3,0,1,2,1,1,0,2
1190,9,133,3,,0,1,0,0,0,2,1,0,1
1191,9,134,9,,3,1,0,0,1,1,1,2,1
1192,9,135,1,,0,0,0,0,0,1,1,0,1
1193,9,136,4,,1,1,0,1,1,0,1,0,0
1194,9,137,2,,0,1,0,0,0,1,1,0,0
1195,9,138,8,,0,4,0,0,1,3,2,0,1
1196,9,139,10,,5,3,0,1,1,1,6,0,2
1197,9,140,19,,4,6,0,1,3,3,5,2,3
1198,9,141,27,,5,7,1,4,5,3,3,2,1
1199,9,142,47,,20,7,3,2,7,3,14,5,3
1200,9,143,4,,1,1,0,0,1,1,0,1,1
1201,9,144,2,,1,1,0,0,0,0,1,0,0
1202,9,145,16,,6,3,1,1,0,5,3,1,4
1203,9,146,6,,1,0,1,1,1,1,1,1,0
1204,9,147,13,,6,2,0,0,2,1,3,2,4
1205,9,148,7,,1,2,1,0,0,2,2,1,0
1206,9,149,21,,4,5,1,1,4,4,4,2,2
1207,9,150,22,,5,5,0,2,3,5,5,2,1
1208,9,151,10,,3,2,1,1,1,1,1,1,1
1209,9,152,9,,3,2,0,0,2,0,2,2,0
1210,9,153,15,,7,1,2,1,2,0,2,3,3
1211,9,154,4,,1,0,1,0,0,1,0,1,2
1212,9,155,2,,1,1,0,0,0,0,1,0,0
1213,9,156,18,,7,3,0,0,3,2,3,3,4
1214,9,157,21,,3,3,2,2,4,4,2,3,0
1215,9,158,9,,3,2,0,1,0,0,1,2,2
1216,9,159,8,,3,2,0,0,1,1,2,1,1
1217,9,160,8,,1,2,0,1,2,1,1,1,1
1218,9,161,4,,1,1,0,1,1,0,1,0,0
1219,9,162,20,,7,3,0,3,3,1,2,4,3
1220,10,1,15,,5,2,0,1,3,1,2,2,1
1221,10,2,18,,4,4,0,0,6,2,3,1,1
1222,10,3,26,,6,5,0,0,7,5,3,3,1
1223,10,4,72,,18,16,2,9,11,10,13,6,7
1224,10,5,4,,1,1,0,1,0,0,3,1,1
1225,10,6,7,,2,1,0,0,1,2,1,1,1
1226,10,7,16,,6,1,0,2,2,1,5,3,4
1227,10,8,4,,2,1,0,0,0,0,1,1,0
1228,10,9,27,,7,3,1,5,4,1,9,5,5
1229,10,10,10,,3,1,0,0,2,1,3,3,1
1230,10,11,3,,1,1,0,0,0,0,1,1,0
1231,10,12,21,,10,4,1,0,4,0,7,2,3
1232,10,13,13,,5,3,0,1,1,2,3,2,4
1233,10,14,9,,3,1,0,0,2,0,2,3,1
1234,10,15,11,,1,2,0,1,5,2,2,0,2
1235,10,16,3,,1,1,0,0,0,0,1,1,0
1236,10,17,6,,3,0,0,0,1,0,1,2,1
1237,10,18,7,,2,2,0,1,1,0,2,1,0
1238,10,19,3,,2,0,0,1,0,0,1,0,1
1239,10,20,9,,2,1,1,0,2,1,1,2,0
1240,10,21,45,,11,7,1,7,9,2,7,6,5
1241,10,22,10,,2,2,0,3,0,1,2,1,2
1242,10,23,9,,0,2,0,1,2,2,1,1,2
1243,10,24,4,,2,1,0,0,0,0,1,1,0
1244,10,25,5,,2,1,0,2,0,0,2,0,1
1245,10,26,7,,3,2,1,0,0,0,1,1,3
1246,10,27,7,,3,1,0,0,1,0,1,2,0
1247,10,28,7,,1,2,0,0,1,2,2,0,2
1248,10,29,3,,1,1,0,0,0,0,0,0,2
1249,10,30,6,,2,2,0,0,0,1,3,1,1
1250,10,31,5,,2,0,1,0,0,1,0,1,3
1251,10,32,46,,10,7,1,10,8,5,7,5,0
1252,10,33,6,,2,1,0,0,1,0,1,2,0
1253,10,34,14,,6,1,0,0,3,3,2,1,3
1254,10,35,10,,4,0,0,2,1,0,1,3,0
1255,10,36,13,,2,4,0,0,2,2,2,2,1
1256,10,37,15,,4,3,0,0,0,5,5,1,4
1257,10,38,16,,5,4,0,0,0,5,5,1,4
1258,10,39,25,,4,4,1,3,5,5,3,2,2
1259,10,40,8,,2,1,0,3,1,0,2,1,1
1260,10,41,18,,5,3,0,2,2,2,3,3,1
1261,10,42,13,,1,1,0,5,0,0,5,1,5
1262,10,43,13,,1,1,0,5,0,0,5,1,5
1263,10,44,7,,2,1,0,2,0,3,1,0,0
1264,10,45,4,,1,1,0,1,0,1,1,0,0
1265,10,46,10,,3,2,1,0,1,1,3,2,1
1266,10,47,22,,8,4,2,1,4,0,4,3,0
1267,10,48,15,,4,3,0,0,0,5,5,1,4
1268,10,49,16,,5,4,0,0,0,5,5,1,4
1269,10,50,32,,4,6,5,3,7,4,5,3,3
1270,10,51,16,,5,3,0,0,3,3,6,2,3
1271,10,52,14,,4,3,1,2,1,4,3,0,3
1272,10,53,28,,8,6,1,3,4,6,3,1,5
1273,10,54,6,,1,2,0,2,0,1,2,0,1
1274,10,55,13,,4,1,0,0,3,4,2,1,2
1275,10,56,18,,7,2,0,0,4,1,2,3,5
1276,10,57,34,,12,4,0,1,7,6,3,6,0
1277,10,58,16,,5,3,0,0,3,1,2,4,3
1278,10,59,7,,0,2,0,0,3,1,1,0,1
1279,10,60,8,,1,2,1,0,2,1,1,1,0
1280,10,61,9,,2,1,0,1,2,3,1,0,0
1281,10,62,8,,2,1,0,1,1,2,1,0,2
1282,10,63,3,,2,0,0,0,0,0,0,2,1
1283,10,64,8,,3,2,1,1,0,2,2,0,3
1284,10,65,9,,1,1,0,3,2,1,0,1,1
1285,10,66,13,,1,3,1,0,2,3,3,2,2
1286,10,67,9,,3,2,0,1,0,2,1,1,2
1287,10,68,7,,1,2,0,1,1,2,2,0,1
1288,10,69,1,,0,0,0,1,0,0,1,0,1
1289,10,70,6,,4,1,0,0,0,1,0,1,1
1290,10,71,5,,1,1,0,2,0,0,1,1,0
1291,10,72,4,,1,2,0,1,0,0,1,0,0
1292,10,73,5,,1,2,0,0,1,0,1,1,1
1293,10,74,6,,2,1,0,0,1,1,1,1,0
1294,10,75,7,,2,3,0,1,1,1,1,0,1
1295,10,76,3,,1,1,0,0,0,0,1,1,0
1296,10,77,7,,0,2,0,2,0,3,2,0,1
1297,10,78,14,,2,3,0,1,3,3,2,1,1
1298,10,79,7,,1,3,1,0,1,2,2,0,1
1299,10,80,19,,6,4,0,0,5,0,3,4,2
1300,10,81,3,,0,1,0,1,0,1,1,0,0
1301,10,82,6,,1,2,0,0,2,2,0,0,1
1302,10,83,8,,3,1,1,0,2,0,1,1,0
1303,10,84,17,,5,3,0,2,3,1,3,2,4
1304,10,85,33,,7,9,3,2,4,6,8,3,4
1305,10,86,21,,5,5,0,1,3,3,3,3,3
1306,10,87,4,,2,0,0,1,0,1,1,0,2
1307,10,88,8,,3,1,1,0,2,0,1,1,0
1308,10,89,28,,6,6,1,3,5,4,6,3,3
1309,10,90,5,,3,1,0,0,0,1,2,0,2
1310,10,91,2,,1,1,0,0,0,0,1,0,0
1311,10,92,13,,3,3,1,0,1,3,2,2,1
1312,10,93,12,,5,3,0,0,2,0,1,2,3
1313,10,94,31,,7,5,1,4,4,5,5,4,4
1314,10,95,7,,4,1,0,0,0,0,1,3,1
1315,10,96,2,,0,0,0,0,0,0,2,2,1
1316,10,97,16,,6,2,2,1,1,0,2,4,2
1317,10,98,17,,5,3,0,2,2,3,1,2,0
1318,10,99,39,,6,5,4,4,9,6,5,3,2
1319,10,100,43,,16,6,4,3,6,4,4,6,3
1320,10,101,13,,2,2,1,0,3,2,2,2,3
1321,10,102,4,,1,1,1,0,0,1,0,1,1
1322,10,103,5,,2,1,0,1,0,0,1,1,0
1323,10,104,11,,3,2,0,1,2,2,1,0,2
1324,10,105,4,,1,1,0,0,1,1,1,0,0
1325,10,106,17,,4,3,0,0,5,3,1,2,0
1326,10,107,13,,10,1,0,0,2,0,2,1,1
1327,10,108,11,,4,1,0,1,2,0,2,1,3
1328,10,109,11,,2,2,0,3,2,1,2,0,2
1329,10,110,55,,11,13,1,7,7,11,10,4,3
1330,10,111,22,,7,1,0,1,5,6,3,1,1
1331,10,112,44,,12,7,5,3,9,1,6,6,1
1332,10,113,17,,3,4,1,1,2,3,2,3,2
1333,10,114,15,,4,3,1,1,2,3,2,1,4
1334,10,115,24,,6,4,2,2,5,3,3,1,1
1335,10,116,11,,2,4,0,0,1,2,1,1,3
1336,10,117,9,,3,2,0,1,0,2,1,1,3
1337,10,118,6,,2,0,1,0,2,0,0,1,2
1338,10,119,4,,1,0,0,0,2,1,1,0,1
1339,10,120,4,,2,1,0,0,0,0,1,1,0
1340,10,121,11,,1,2,0,1,1,4,2,0,3
1341,10,122,7,,3,0,1,0,1,1,1,1,2
1342,10,123,16,,3,5,1,1,4,0,3,2,0
1343,10,124,17,,4,3,1,1,3,3,3,2,3
1344,10,125,70,,17,14,6,1,15,6,13,8,3
1345,10,126,55,,17,10,0,2,10,4,9,12,3
1346,10,127,11,,2,1,0,4,1,2,1,1,1
1347,10,128,20,,5,4,2,4,2,2,3,1,3
1348,10,129,9,,5,1,0,0,1,1,0,2,1
1349,10,130,4,,1,1,0,0,1,0,1,1,0
1350,10,131,12,,3,2,1,0,2,2,0,2,2
1351,10,132,26,,9,4,1,4,4,0,7,4,3
1352,10,133,4,,2,0,0,0,1,0,1,1,0
1353,10,134,8,,5,1,1,0,0,2,1,0,2
1354,10,135,28,,9,3,3,3,6,0,7,4,1
1355,10,136,7,,1,1,1,1,1,1,1,0,1
1356,10,137,6,,3,0,1,0,1,0,2,1,0
1357,10,138,6,,3,0,1,0,1,0,2,1,0
1358,10,139,4,,3,0,1,0,0,0,3,0,0
1359,10,140,4,,3,0,1,0,0,0,3,0,0
1360,10,141,10,,7,0,1,0,1,0,6,1,0
1361,10,142,2,,2,0,0,0,0,0,1,0,1
1362,10,143,9,,2,0,3,0,2,1,3,1,0
1363,10,144,13,,3,1,1,2,2,1,1,1,2
1364,10,145,5,,2,0,1,1,1,0,1,0,0
1365,10,146,4,,3,0,1,0,0,0,3,0,0
1366,10,147,4,,3,0,1,0,0,0,3,0,0
1367,10,148,11,,10,0,0,0,1,0,6,1,0
1368,10,149,2,,1,0,0,1,0,0,1,0,1
1369,10,150,21,,6,5,0,2,3,1,3,4,2
1370,10,151,5,,1,2,0,0,1,0,1,1,0
1371,10,152,2,,2,0,0,0,1,0,0,0,1
1372,10,153,20,,4,4,1,0,5,1,5,4,1
1373,10,154,4,,1,1,0,0,0,2,1,0,1
1374,10,155,12,,4,3,0,1,3,1,1,1,1
1375,10,156,30,,10,5,3,2,6,1,9,4,1
1376,11,1,75,,20,8,5,3,21,5,10,12,1
1377,11,2,47,,12,6,5,2,9,7,5,6,4
1378,11,3,22,,3,5,0,2,6,2,3,2,2
1379,11,4,34,,6,8,0,3,10,4,3,2,1
1380,11,5,13,,3,1,1,0,3,3,2,2,4
1381,11,6,43,,7,9,1,4,9,7,8,6,0
1382,11,7,36,,10,9,0,0,7,5,8,5,7
1383,11,8,38,,6,3,4,4,10,6,5,3,2
1384,11,9,9,,2,2,0,3,1,0,3,0,3
1385,11,10,10,,3,2,0,2,1,0,1,2,0
1386,11,11,4,,0,2,0,0,0,2,1,0,1
1387,11,12,5,,2,1,0,0,1,0,1,1,0
1388,11,13,14,,4,4,0,1,2,1,2,1,4
1389,11,14,23,,7,3,1,0,5,4,3,3,3
1390,11,15,2,,2,0,0,0,0,0,0,0,2
1391,11,16,21,,7,3,1,1,4,1,5,3,2
1392,11,17,17,,3,5,0,1,4,2,2,1,1
1393,11,18,22,,4,5,1,1,6,2,3,2,2
1394,11,19,31,,4,7,1,2,9,6,2,0,5
1395,11,20,13,,6,1,0,0,3,1,0,2,4
1396,11,21,2,,1,1,0,0,0,0,1,0,0
1397,11,22,9,,2,2,0,0,1,0,1,2,2
1398,11,23,27,,5,5,0,4,6,3,4,3,1
1399,11,24,62,,11,10,3,5,14,8,8,9,3
1400,11,25,4,,2,1,0,0,0,0,2,1,1
1401,11,26,3,,1,1,0,0,0,0,1,1,0
1402,11,27,47,,15,6,0,3,9,3,9,10,2
1403,11,28,9,,4,1,0,0,1,1,2,2,1
1404,11,29,4,,0,0,0,4,0,0,2,0,1
1405,11,30,4,,1,1,0,1,0,0,1,1,0
1406,11,31,9,,3,1,1,0,2,0,0,2,3
1407,11,32,22,,9,3,1,0,3,0,4,4,5
1408,11,33,6,,2,1,1,0,0,0,1,2,0
1409,11,34,19,,5,1,1,0,7,1,3,3,1
1410,11,35,24,,5,7,1,2,4,6,3,1,3
1411,11,36,8,,1,3,0,0,1,1,1,1,3
1412,11,37,4,,0,2,0,1,0,1,1,0,1
1413,11,38,20,,7,3,0,0,4,2,5,4,0
1414,11,39,9,,2,3,0,0,1,3,3,0,1
1415,11,40,5,,4,1,0,0,0,0,1,1,1
1416,11,41,4,,3,1,0,0,0,0,1,1,1
1417,11,42,34,,10,4,0,2,10,2,4,5,3
1418,11,43,10,,5,1,0,0,1,1,2,2,1
1419,11,44,7,,3,2,0,0,0,1,1,1,3
1420,11,45,1,,2,0,0,0,0,0,0,0,1
1421,11,46,15,,4,3,0,1,2,1,3,4,0
1422,11,47,17,,3,3,2,0,3,4,3,2,3
1423,11,48,4,,2,1,0,0,0,1,1,1,0
1424,11,49,18,,3,6,0,1,4,2,3,2,0
1425,11,50,20,,6,4,2,0,3,3,4,2,4
1426,11,51,43,,8,7,2,3,11,4,6,7,1
1427,11,52,62,,8,14,5,5,11,10,5,4,5
1428,11,53,7,,2,2,0,1,0,2,1,0,2
1429,11,54,9,,1,3,1,0,1,2,2,1,0
1430,11,55,4,,0,1,0,1,0,1,1,0,2
1431,11,56,12,,5,3,0,2,0,3,1,0,5
1432,11,57,10,,3,2,0,1,1,1,2,2,2
1433,11,58,14,,6,3,0,3,0,2,2,0,5
1434,11,59,16,,4,2,2,1,3,1,2,3,4
1435,11,60,16,,2,2,1,2,4,1,1,2,2
1436,11,61,42,,11,5,1,2,8,2,4,11,4
1437,11,62,14,,2,3,0,1,3,2,2,2,1
1438,11,63,19,,5,3,1,2,3,4,4,1,4
1439,11,64,48,,16,3,2,3,10,6,10,9,5
1440,11,65,3,,1,1,0,0,0,0,1,1,0
1441,11,66,8,,2,2,0,0,1,1,2,2,1
1442,11,67,7,,4,1,0,0,2,0,0,1,1
1443,11,68,4,,1,1,0,1,0,0,1,1,0
1444,11,69,7,,2,1,0,0,1,2,1,1,1
1445,11,70,2,,2,0,0,0,1,0,0,0,0
1446,11,71,23,,8,4,2,1,3,2,3,4,6
1447,11,72,8,,3,1,1,0,1,0,1,2,0
1448,11,73,2,,0,1,0,0,0,1,1,0,1
1449,11,74,3,,1,1,0,0,0,0,1,1,0
1450,11,75,3,,0,1,0,0,0,2,1,0,1
1451,11,76,4,,2,1,0,0,0,0,1,1,0
1452,11,77,10,,3,2,0,0,1,2,3,2,2
1453,11,78,30,,8,8,0,3,5,2,6,4,2
1454,11,79,18,,5,4,1,1,3,2,5,3,3
1455,11,80,5,,1,1,0,0,1,0,1,1,1
1456,11,81,8,,3,2,0,0,0,1,1,2,3
1457,11,82,12,,2,4,0,0,1,3,2,1,5
1458,11,83,16,,5,2,1,0,5,1,4,1,1
1459,11,84,9,,4,1,1,0,0,3,2,1,2
1460,11,85,9,,3,1,1,1,0,1,1,2,3
1461,11,86,17,,4,3,0,2,4,0,3,3,1
1462,11,87,17,,2,4,1,3,2,3,2,2,1
1463,11,88,28,,6,4,2,2,5,3,6,4,2
1464,11,89,10,,4,3,0,0,1,2,2,0,3
1465,11,90,38,,7,6,1,5,8,4,6,5,4
1466,11,91,15,,2,3,0,0,3,3,2,3,4
1467,11,92,17,,4,4,1,0,2,3,4,3,4
1468,11,93,8,,1,2,0,2,0,1,2,1,2
1469,11,94,9,,1,3,2,1,1,0,3,1,0
1470,11,95,6,,3,1,1,0,1,0,2,1,1
1471,11,96,2,,1,1,0,0,0,0,1,0,0
1472,11,97,6,,1,1,1,1,1,1,0,0,2
1473,11,98,23,,8,3,2,0,3,3,4,4,2
1474,11,99,21,,4,5,0,2,4,2,4,3,3
1475,11,100,30,,8,4,1,1,8,1,3,5,3
1476,11,101,4,,2,0,1,0,0,0,0,1,2
1477,11,102,3,,1,1,0,0,0,0,1,1,0
1478,11,103,8,,3,2,1,0,0,0,1,2,1
1479,11,104,34,,8,6,0,2,7,5,5,6,0
1480,11,105,6,,2,1,1,0,0,1,2,1,1
1481,11,106,5,,3,1,0,0,0,0,2,1,2
1482,11,107,21,,8,3,1,1,2,1,4,4,2
1483,11,108,42,,11,7,1,2,11,6,7,4,4
1484,11,109,5,,2,1,0,1,0,0,3,1,1
1485,11,110,7,,4,1,0,0,1,1,1,1,1
1486,11,111,7,,3,1,1,0,1,0,1,1,2
1487,11,112,3,,2,0,0,0,1,0,1,0,1
1488,11,113,6,,3,0,0,0,3,0,1,0,0
1489,11,114,2,,1,0,0,0,0,1,1,0,0
1490,11,115,2,,1,0,0,0,0,1,1,0,0
1491,11,116,4,,1,0,0,0,2,1,1,0,0
1492,11,117,27,,6,7,1,1,4,1,5,5,2
1493,11,118,2,,2,0,0,0,0,0,1,0,1
1494,11,119,9,,3,1,1,0,2,0,2,2,0
1495,11,120,4,,2,0,1,0,0,0,0,1,2
1496,11,121,19,,6,2,1,0,3,3,5,3,2
1497,11,122,6,,2,1,0,1,0,2,0,0,1
1498,11,123,35,,7,8,2,3,5,5,5,3,3
1499,11,124,20,,9,1,1,2,2,2,3,3,2
1500,12,1,1,,0,0,0,1,0,0,1,0,1
1501,12,2,75,,16,11,5,4,16,7,7,12,4
1502,12,3,5,,3,0,0,0,0,2,2,0,1
1503,12,4,56,,9,9,3,3,15,7,6,5,5
1504,12,5,36,,10,8,1,3,6,3,4,6,3
1505,12,6,39,,10,8,3,2,9,3,7,4,0
1506,12,7,38,,5,6,2,5,8,8,4,2,5
1507,12,8,68,,14,13,2,6,17,5,6,9,2
1508,12,9,7,,1,2,0,0,1,2,1,1,1
1509,12,10,5,,2,1,0,0,1,0,1,1,0
1510,12,11,3,,2,1,0,0,0,0,2,0,1
1511,12,12,2,,3,0,0,0,0,0,0,0,1
1512,12,13,3,,1,1,0,0,0,0,1,1,0
1513,12,14,4,,3,1,0,0,0,0,1,0,2
1514,12,15,11,,4,2,1,1,1,0,2,3,2
1515,12,16,39,,9,9,1,3,8,6,7,3,1
1516,12,17,30,,6,6,5,1,7,3,9,2,3
1517,12,18,11,,3,1,1,0,3,1,1,3,2
1518,12,19,25,,5,5,1,1,5,5,4,2,3
1519,12,20,20,,7,4,0,1,3,2,3,3,2
1520,12,21,9,,3,1,0,0,2,1,3,0,3
1521,12,22,11,,8,0,0,1,1,0,0,2,0
1522,12,23,4,,2,1,0,0,1,0,1,0,0
1523,12,24,8,,3,1,1,1,0,1,1,1,3
1524,12,25,5,,1,2,0,0,0,1,2,1,1
1525,12,26,7,,4,1,1,0,0,0,1,1,2
1526,12,27,22,,7,3,1,4,2,3,7,2,4
1527,12,28,11,,4,1,1,0,1,1,2,3,2
1528,12,29,9,,2,2,0,1,1,1,1,0,4
1529,12,30,10,,4,2,0,1,1,1,3,1,0
1530,12,31,13,,4,2,1,0,2,2,4,2,1
1531,12,32,27,,8,7,1,3,2,1,4,3,6
1532,12,33,4,,1,0,0,0,1,2,1,0,2
1533,12,34,3,,1,1,0,0,0,0,1,1,0
1534,12,35,24,,6,6,0,1,5,3,5,3,3
1535,12,36,20,,4,6,1,0,3,3,4,1,6
1536,12,37,5,,0,3,0,0,1,2,0,0,1
1537,12,38,5,,1,1,0,0,1,0,1,1,1
1538,12,39,19,,7,5,0,0,3,1,2,3,6
1539,12,40,22,,5,5,0,0,4,4,4,4,3
1540,12,41,7,,3,1,0,0,1,1,1,1,2
1541,12,42,5,,1,1,0,0,1,0,1,2,0
1542,12,43,16,,5,1,1,1,3,2,4,3,4
1543,12,44,5,,2,2,0,0,0,0,0,2,1
1544,12,45,11,,3,4,0,1,0,1,2,1,3
1545,12,46,6,,2,1,0,1,0,0,1,2,1
1546,12,47,26,,9,6,0,1,2,5,4,3,6
1547,12,48,15,,5,3,0,1,2,2,2,2,4
1548,12,49,18,,5,4,0,1,2,3,1,2,3
1549,12,50,22,,4,5,2,2,3,1,2,4,1
1550,12,51,7,,3,1,0,0,0,1,2,2,1
1551,12,52,6,,2,1,0,0,1,1,1,1,1
1552,12,53,2,,1,1,0,0,0,0,1,0,0
1553,12,54,10,,1,3,1,2,1,3,1,0,3
1554,12,55,5,,2,1,0,0,0,1,2,1,1
1555,12,56,7,,3,1,0,0,1,1,1,1,0
1556,12,57,7,,2,2,0,1,0,2,1,0,2
1557,12,58,2,,0,1,0,0,0,1,1,0,0
1558,12,59,19,,5,4,0,2,4,1,4,3,2
1559,12,60,33,,4,9,1,1,4,9,5,4,2
1560,12,61,26,,3,7,1,1,4,7,3,1,3
1561,12,62,26,,2,6,2,0,4,9,5,0,3
1562,12,63,24,,2,6,1,0,7,6,3,1,1
1563,12,64,22,,6,5,0,0,5,4,4,2,1
1564,12,65,25,,7,4,1,1,2,5,4,4,2
1565,12,66,58,,14,11,5,5,5,9,8,7,11
1566,12,67,12,,6,1,0,0,2,1,1,1,3
1567,12,68,29,,9,4,0,0,6,4,3,4,5
1568,12,69,26,,8,4,0,0,6,3,5,4,5
1569,12,70,33,,5,7,0,1,9,6,6,3,5
1570,12,71,11,,3,3,0,1,0,3,3,0,3
1571,12,72,6,,1,2,0,0,1,1,2,1,0
1572,12,73,6,,3,0,0,1,0,1,1,1,0
1573,12,74,5,,2,2,0,0,1,1,0,0,1
1574,12,75,2,,0,1,0,0,0,1,1,0,0
1575,12,76,10,,3,3,0,3,1,1,2,0,0
1576,12,77,62,,24,10,0,3,10,11,13,6,5
1577,12,78,4,,0,1,0,1,0,1,2,0,2
1578,12,79,11,,3,2,0,1,2,0,2,3,0
1579,12,80,6,,1,1,1,0,1,0,1,1,2
1580,12,81,15,,3,3,0,3,1,4,5,1,0
1581,12,82,5,,1,1,0,0,1,1,1,1,0
1582,12,83,1,,2,0,0,0,0,0,0,0,1
1583,12,84,13,,3,3,0,1,2,1,2,3,0
1584,12,85,41,,8,10,0,6,7,6,6,3,2
1585,12,86,17,,6,4,1,1,1,1,2,4,2
1586,12,87,5,,1,1,1,0,0,0,1,1,1
1587,12,88,4,,2,0,0,0,0,1,1,1,2
1588,12,89,26,,11,3,1,1,3,1,5,5,2
1589,12,90,2,,1,0,0,0,0,0,1,2,1
1590,12,91,3,,1,1,0,0,0,0,1,1,0
1591,12,92,4,,3,0,0,1,0,0,2,0,1
1592,12,93,3,,2,0,0,0,1,0,1,0,1
1593,12,94,3,,1,1,0,1,0,0,1,0,0
1594,12,95,7,,2,1,0,1,1,0,1,2,1
1595,12,96,3,,2,0,0,0,0,1,1,0,1
1596,12,97,5,,2,2,0,0,0,0,2,1,0
1597,12,98,3,,1,1,0,0,0,1,1,0,2
1598,12,99,2,,1,1,0,0,0,0,1,0,0
1599,12,100,4,,2,0,0,0,1,1,1,0,1
1600,12,101,9,,2,1,1,0,2,1,1,2,0
1601,12,102,2,,1,1,0,0,0,0,1,0,0
1602,12,103,4,,1,1,0,0,1,2,0,0,1
1603,12,104,12,,4,3,1,0,2,2,2,1,0
1604,12,105,8,,4,0,0,0,2,1,1,1,2
1605,12,106,68,,13,12,2,3,19,8,8,9,2
1606,12,107,4,,3,0,0,0,1,0,2,0,1
1607,12,108,11,,2,3,1,1,0,3,2,1,3
1608,12,109,8,,2,2,2,0,0,1,1,1,3
1609,12,110,56,,9,14,3,5,10,11,11,3,4
1610,12,111,22,,2,6,1,1,4,4,4,1,3
1611,12,112,128,,31,22,8,9,27,17,15,10,5
1612,12,113,113,,40,14,7,2,21,7,15,20,4
1613,12,114,121,,36,16,5,2,28,6,18,23,7
1614,12,115,101,,25,10,10,9,20,12,16,11,4
